MonitorID,CameraID,DeploymentPeriodID,VideoID,Date,Time,CommonName,ScientificName,NumberOfIndividuals,IdentifiedBy,NeedsReview,Notes
MON01,NWJ20,DP20260607TO20260614,DSCF0027,6/9/2026,11:47,Pale-winged Trumpeter,Psophia leucoptera,1,Nico Jaworski,FALSE,
MON01,NWJ20,DP20260607TO20260614,DSCF0028,6/9/2026,12:05,Pale-winged Trumpeter,Psophia leucoptera,1,Nico Jaworski,FALSE,
MON01,NWJ20,DP20260607TO20260614,DSCF0030,6/9/2026,20:11,Nine Banded Armadillo,Dasypus novemcinctus,1,Nico Jaworski,FALSE,
MON01,NWJ20,DP20260607TO20260614,DSCF0031,6/10/2026,6:29,Pale-winged Trumpeter,Psophia leucoptera,2,Nico Jaworski,FALSE,
MON01,NWJ20,DP20260607TO20260614,DSCF0032,6/10/2026,6:29,Pale-winged Trumpeter,Psophia leucoptera,2,Nico Jaworski,FALSE,
MON01,NWJ20,DP20260607TO20260614,DSCF0033,6/10/2026,6:30,Pale-winged Trumpeter,Psophia leucoptera,2,Nico Jaworski,FALSE,
MON01,NWJ20,DP20260607TO20260614,DSCF0034,6/10/2026,6:30,Pale-winged Trumpeter,Psophia leucoptera,2,Nico Jaworski,FALSE,
MON01,NWJ20,DP20260607TO20260614,DSCF0035,6/10/2026,6:30,Pale-winged Trumpeter,Psophia leucoptera,2,Nico Jaworski,FALSE,
MON01,NWJ20,DP20260607TO20260614,DSCF0036,6/10/2026,6:31,Pale-winged Trumpeter,Psophia leucoptera,2,Nico Jaworski,FALSE,
MON01,NWJ20,DP20260607TO20260614,DSCF0037,6/10/2026,6:33,Pale-winged Trumpeter,Psophia leucoptera,2,Nico Jaworski,FALSE,
MON01,NWJ20,DP20260607TO20260614,DSCF0038,6/10/2026,6:35,Pale-winged Trumpeter,Psophia leucoptera,2,Nico Jaworski,FALSE,
MON01,NWJ20,DP20260607TO20260614,DSCF0039,6/10/2026,6:37,Pale-winged Trumpeter,Psophia leucoptera,3,Nico Jaworski,FALSE,
MON01,NWJ20,DP20260607TO20260614,DSCF0040,6/10/2026,6:38,Pale-winged Trumpeter,Psophia leucoptera,3,Nico Jaworski,FALSE,
MON01,NWJ20,DP20260607TO20260614,DSCF0041,6/10/2026,6:40,Pale-winged Trumpeter,Psophia leucoptera,3,Nico Jaworski,FALSE,
MON01,NWJ20,DP20260607TO20260614,DSCF0042,6/10/2026,6:40,Pale-winged Trumpeter,Psophia leucoptera,2,Nico Jaworski,FALSE,
MON01,NWJ20,DP20260607TO20260614,DSCF0043,6/10/2026,6:40,Pale-winged Trumpeter,Psophia leucoptera,2,Nico Jaworski,FALSE,
MON01,NWJ20,DP20260607TO20260614,DSCF0044,6/10/2026,6:40,Pale-winged Trumpeter,Psophia leucoptera,2,Nico Jaworski,FALSE,
MON03,NWJ15,DP20260607TO20260614,DSCF0004,6/8/2026,6:14,Spix's Guan,Penelope jacquacu,2,Addy Shultz,FALSE,
MON03,NWJ15,DP20260607TO20260614,DSCF0006,6/9/2026,8:49,Salvin's Curassow,Mitu salvini,2,Addy Shultz,FALSE,
MON03,NWJ15,DP20260607TO20260614,DSCF0007,6/9/2026,8:49,Salvin's Curassow,Mitu salvini,1,Addy Shultz,FALSE,Same bird as row above I think
MON02,NWJ01,DP20260607TO20260614,DSCF0004,6/7/2026,9:57,Black Agouti,Dasyprocta fuliginosa,1,Connor Munro,FALSE,
MON01,NWJ20,DP20260607TO20260614,DSCF0045,6/10/2026,6:41,Pale-winged Trumpeter,Psophia leucoptera,2,Nico Jaworski,FALSE,
MON01,NWJ20,DP20260607TO20260614,DSCF0046,6/10/2026,14:53,Pale-winged Trumpeter,Psophia leucoptera,2,Nico Jaworski,FALSE,
MON03,NWJ15,DP20260607TO20260614,DSCF0010,6/10/2026,11:26,Zamora Red Brocket,Mazama zamora,1,Addy Shultz,FALSE,
MON01,NWJ20,DP20260607TO20260614,DSCF0052,6/11/2026,23:10,Mouse,N/A,1,Nico Jaworski,TRUE,Little mouse in night vision
MON01,NWJ20,DP20260607TO20260614,DSCF0053,6/12/2026,3:16,Nine Banded Armadillo,Dasypus novemcinctus,1,Nico Jaworski,FALSE,
MON01,NWJ20,DP20260607TO20260614,DSCF0054,6/12/2026,17:11,Green Acouchi,Myoprocta pratti,1,Nico Jaworski,FALSE,"Might be a young black agouti, but Carlos thinks its probably a green acouchi"
MON01,NWJ20,DP20260607TO20260614,DSCF0055,6/12/2026,17:11,Green Acouchi,Myoprocta pratti,1,Nico Jaworski,FALSE,In bottom of frame for a second
MON03,NWJ15,DP20260607TO20260614,DSCF0011,6/11/2026,1:42,Mouse,N/A,1,Addy Shultz,TRUE,
MON02,NWJ01,DP20260607TO20260614,DSCF0005,6/7/2026,14:56,Grey-Fronted Dove,Leptotilla Rufaxilla,2,Connor Munro,TRUE,
MON03,NWJ15,DP20260607TO20260614,DSCF0012,6/11/2026,4:57,Mouse,N/A,1,Addy Shultz,TRUE,
MON01,NWJ20,DP20260607TO20260614,DSCF0057,6/12/2026,17:14,Green Acouchi,Myoprocta pratti,1,Nico Jaworski,FALSE,
MON01,NWJ20,DP20260607TO20260614,DSCF0058,6/13/2026,2:47,Nine Banded Armadillo,Dasypus novemcinctus,1,Nico Jaworski,FALSE,in frame for a quick second at the begining of the video
MON01,NWJ20,DP20260607TO20260614,DSCF0059,6/13/2026,5:00,Common Black-eared Opossum,Didelphis marsupialis,1,Nico Jaworski,FALSE,
MON01,NWJ20,DP20260607TO20260614,DSCF0060,6/13/2026,5:01,Common Black-eared Opossum,Didelphis marsupialis,1,Nico Jaworski,FALSE,tail in frame from capture just before
MON01,NWJ20,DP20260607TO20260614,DSCF0061,6/13/2026,5:24,Common Black-eared Opossum,Didelphis marsupialis,1,Nico Jaworski,FALSE,
MON01,NWJ20,DP20260607TO20260614,DSCF0062,6/13/2026,11:04,Pale-winged Trumpeter,Psophia leucoptera,2,Nico Jaworski,FALSE,
MON03,NWJ15,DP20260607TO20260614,DSCF0013,6/11/2026,7:36,Green Acouchi,Myoprocta pratti,1,Addy Shultz,FALSE,
MON02,NWJ01,DP20260607TO20260614,DSCF0006,6/7/2026,14:59,Grey-Fronted Dove,Leptotilla Rufaxilla ,1,Connor Munro,TRUE,Same as previous grey fronted dove sighting
MON03,NWJ15,DP20260607TO20260614,DSCF0014,6/11/2026,15:45,Green Acouchi,Myoprocta pratti,1,Addy Shultz,FALSE,
MON03,NWJ15,DP20260607TO20260614,DSCF0015,6/11/2026,22:24,Mouse,N/A,1,Addy Shultz,TRUE,
MON02,NWJ01,DP20260607TO20260614,DSCF0017,6/8/2026,9:19,Green Acouchi,Myoprocta pratti,1,Connor Munro,TRUE,
MON03,NWJ15,DP20260607TO20260614,DSCF0016,6/12/2026,2:52,Nine-banded Armadillo,Dasypus novemcinctus,1,Addy Shultz,FALSE,
MON01,NWJ20,DP20260607TO20260614,DSCF0063,6/13/2026,11:04,Pale-winged Trumpeter,Psophia leucoptera,2,Nico Jaworski,FALSE,
MON01,NWJ20,DP20260607TO20260614,DSCF0064,6/13/2026,11:05,Pale-winged Trumpeter,Psophia leucoptera,1,Nico Jaworski,FALSE,
MON01,NWJ20,DP20260607TO20260614,DSCF0065,6/13/2026,12:24,Pale-winged Trumpeter,Psophia leucoptera,1,Nico Jaworski,FALSE,
MON01,NWJ20,DP20260607TO20260614,DSCF0066,6/13/2026,12:26,Pale-winged Trumpeter,Psophia leucoptera,2,Nico Jaworski,FALSE,
MON01,NWJ20,DP20260607TO20260614,DSCF0067,6/13/2026,12:27,Pale-winged Trumpeter,Psophia leucoptera,2,Nico Jaworski,FALSE,
MON01,NWJ20,DP20260607TO20260614,DSCF0068,6/13/2026,12:27,Pale-winged Trumpeter,Psophia leucoptera,1,Nico Jaworski,FALSE,
MON02,NWJ01,DP20260607TO20260614,DSCF0018,6/8/2026,12:25,Green Acouchi,Myoprocta pratti,1,Connor Munro,FALSE,
MON02,NWJ01,DP20260607TO20260614,DSCF0022,6/8/2026,19:14,Lowland Tapir,Tapirus terrestris,1,Connor Munro,FALSE,
MON03,NWJ15,DP20260607TO20260614,DSCF0017,6/12/2026,3:04,Nine-banded Armadillo,Dasypus novemcinctus,1,Addy Shultz,FALSE,
MON03,NWJ15,DP20260607TO20260614,DSCF0018,6/12/2026,3:05,Nine-banded Armadillo,Dasypus novemcinctus,1,Addy Shultz,FALSE,
MON03,NWJ15,DP20260607TO20260614,DSCF0019,6/13/2026,5:01,Nine-banded Armadillo,Dasypus novemcinctus,1,Addy Shultz,TRUE,Nico thinks it is an opossum
MON03,NWJ15,DP20260607TO20260614,DSCF0020,6/13/2026,20:49,Common black-eared Opossum,Didelphis marsupialis,1,Addy Shultz,FALSE,Same possum
MON03,NWJ15,DP20260607TO20260614,DSCF0021,6/13/2026,20:49,Common black-eared Opossum,Didelphis marsupialis,1,Addy Shultz,FALSE,Same possum
MON03,NWJ15,DP20260607TO20260614,DSCF0022,6/13/2026,20:49,Common black-eared Opossum,Didelphis marsupialis,1,Addy Shultz,FALSE,Same possum
MON04,NWJ11,DP20260607TO20260614,DSCF0002,6/7/2026,18:45,Ocelot,Lepardus paradalis,1,Nico Jaworski,FALSE,
MON04,NWJ11,DP20260607TO20260614,DSCF0003,6/9/2026,2:16,Mouse,N/A,1,Nico Jaworski,FALSE,
MON04,NWJ11,DP20260607TO20260614,DSCF0004,6/10/2026,16:53,Nocturnal Currassow,Nothocrax urumutum,2,Nico Jaworski,FALSE,
MON04,NWJ11,DP20260607TO20260614,DSCF0005,6/10/2026,16:53,Nocturnal Currassow,Nothocrax urumutum,2,Nico Jaworski,FALSE,
MON04,NWJ11,DP20260607TO20260614,DSCF0006,6/11/2026,9:31,Green Acouchi,Myoprocta pratti,1,Nico Jaworski,FALSE,
MON04,NWJ11,DP20260607TO20260614,DSCF0008,6/11/2026,17:56,Nocturnal Currassow,Nothocrax urumutum,1,Nico Jaworski,FALSE,
MON04,NWJ11,DP20260607TO20260614,DSCF0010,6/11/2026,17:57,Nocturnal Currassow,Nothocrax urumutum,1,Nico Jaworski,FALSE,
MON04,NWJ11,DP20260607TO20260614,DSCF0011,6/11/2026,17:57,Nocturnal Currassow,Nothocrax urumutum,1,Nico Jaworski,FALSE,
MON04,NWJ11,DP20260607TO20260614,DSCF0012,6/11/2026,17:57,Nocturnal Currassow,Nothocrax urumutum,1,Nico Jaworski,FALSE,
MON02,NWJ01,DP20260607TO20260614,DSCF0024,6/8/2026,21:07,Lowland Paca,Cuniculus paca,1,Connor Munro,FALSE,
MON02,NWJ01,DP20260607TO20260614,DSCF0025,6/8/2026,21:07,Lowland Paca,Cuniculus paca,1,Connor Munro,FALSE,same as above 
MON02,NWJ01,DP20260607TO20260614,DSCF0028,6/8/2026,22:03,Nine-banded Armadillo,Dasypus novemcinctus,1,Connor Munro,FALSE,
MON02,NWJ01,DP20260607TO20260614,DSCF0029,6/8/2026,22:03,Nine-banded Armadillo,Dasypus novemcinctus,1,Connor Munro,FALSE,Same as above
MON02,NWJ01,DP20260607TO20260614,DSCF0029,6/8/2026,22:03,Nine-banded Armadillo,Dasypus novemcinctus,1,Connor Munro,FALSE,Same as above
MON02,NWJ01,DP20260607TO20260614,DSCF0032,6/9/2026,6:42,Black Agouti,Dasyprocta fuliginosa,1,Connor Munro,FALSE,
MON02,NWJ01,DP20260607TO20260614,DSCF0033,6/9/2026,15:50,Green Acouchi,Myoprocta pratti,1,Connor Munro,FALSE,
MON02,NWJ01,DP20260607TO20260614,DSCF0035,6/9/2026,12:03,Grey-Fronted Dove,Leptotilla Rufaxilla ,1,Connor Munro,TRUE,
MON05,NWJ13,DP20260607TO20260614,DSCF0011,6/8/2026,6:43,Salvin's Curassow,Mitu salvini,1,Addy Shultz,FALSE,Same bird
MON05,NWJ13,DP20260607TO20260614,DSCF0012,6/8/2026,6:43,Salvin's Curassow,Mitu salvini,1,Addy Shultz,FALSE,Same bird
MON05,NWJ13,DP20260607TO20260614,DSCF0013,6/8/2026,6:43,Salvin's Curassow,Mitu salvini,1,Addy Shultz,FALSE,Same bird
MON05,NWJ13,DP20260607TO20260614,DSCF0014,6/8/2026,6:44,Salvin's Curassow,Mitu salvini,1,Addy Shultz,FALSE,Same bird
MON05,NWJ13,DP20260607TO20260614,DSCF0015,6/8/2026,6:44,Salvin's Curassow,Mitu salvini,1,Addy Shultz,FALSE,Same bird
MON05,NWJ13,DP20260607TO20260614,DSCF0017,6/9/2026,2:40,Mouse,N/A,1,Addy Shultz,FALSE,
MON05,NWJ13,DP20260607TO20260614,DSCF0019,6/11/2026,5:51,Mammal,N/A,1,Addy Shultz,FALSE,"Maybe paca, maybe tamandua, maybe something else"
MON05,NWJ13,DP20260607TO20260614,DSCF0021,6/11/2026,12:12,Southern Tamandua,Tamandua tetradactyla,1,Addy Shultz,FALSE,
MON02,NWJ01,DP20260607TO20260614,DSCF0036,6/10/2026,12:04,Grey-Fronted Dove,Leptotilla Rufaxilla ,1,Connor Munro,TRUE,Same as DSCF0035
MON04,NWJ11,DP20260607TO20260614,DSCF0013,6/11/2026,17:57,Nocturnal Currassow,Nothocrax urumutum,3,Nico Jaworski,FALSE,
MON04,NWJ11,DP20260607TO20260614,DSCF0014,6/11/2026,17:57,Nocturnal Currassow,Nothocrax urumutum,3,Nico Jaworski,FALSE,Same as DSCF0013
MON04,NWJ11,DP20260607TO20260614,DSCF0015,6/11/2026,17:58,Nocturnal Currassow,Nothocrax urumutum,2,Nico Jaworski,FALSE,Same as DSCF0013
MON04,NWJ11,DP20260607TO20260614,DSCF0016,6/11/2026,18:13,Nocturnal Currassow,Nothocrax urumutum,1,Nico Jaworski,FALSE,Same as DSCF0016
MON04,NWJ11,DP20260607TO20260614,DSCF0017,6/11/2026,18:13,Nocturnal Currassow,Nothocrax urumutum,3,Nico Jaworski,FALSE,Same as DSCF0016
MON04,NWJ11,DP20260607TO20260614,DSCF0018,6/11/2026,18:15,Nocturnal Currassow,Nothocrax urumutum,1,Nico Jaworski,FALSE,Same as DSCF0016
MON04,NWJ11,DP20260607TO20260614,DSCF0019,6/12/2026,5:33,Southern Tamandua,Tamandua tetradactyla,2,Nico Jaworski,FALSE,
MON04,NWJ11,DP20260607TO20260614,DSCF0020,6/12/2026,6:10,Green Acouchi,Myoprocta pratti,2,Nico Jaworski,FALSE,
MON04,NWJ11,DP20260607TO20260614,DSCF0021,6/12/2026,6:10,Green Acouchi,Myoprocta pratti,2,Nico Jaworski,FALSE,
MON04,NWJ11,DP20260607TO20260614,DSCF0022,6/12/2026,6:10,Green Acouchi,Myoprocta pratti,2,Nico Jaworski,FALSE,
MON04,NWJ11,DP20260607TO20260614,DSCF0023,6/12/2026,7:01,Green Acouchi,Myoprocta pratti,2,Nico Jaworski,FALSE,
MON04,NWJ11,DP20260607TO20260614,DSCF0024,6/14/2026,1:04,Mouse,N/A,1,Nico Jaworski,FALSE,
MON02,NWJ01,DP20260607TO20260614,DSCF0037,6/10/2026,12:04,Grey-Fronted Dove,Leptotilla Rufaxilla ,1,Connor Munro,TRUE,Same as DSCF0036
MON02,NWJ01,DP20260607TO20260614,DSCF0038,6/10/2026,17:05,Green Acouchi,Myoprocta pratti,1,Connor Munro,FALSE,
MON02,NWJ01,DP20260607TO20260614,DSCF0040,6/10/2026,19:27,American Red Brocket,Mazama american,1,Connor Munro,TRUE,
MON02,NWJ01,DP20260607TO20260614,DSCF0042,6/11/2026,2:36,Nine-banded Armadillo,Dasypus novemcinctus,1,Connor Munro,FALSE,
MON02,NWJ01,DP20260607TO20260614,DSCF0043,6/11/2026,2:36,Nine-banded Armadillo,Dasypus novemcinctus,1,Connor Munro,FALSE,Same as DSCF0042
MON02,NWJ01,DP20260607TO20260614,DSCF0044,6/11/2026,12:16,Ocelot,Leopardus pardalis,2,Connor Munro,FALSE,
MON02,NWJ01,DP20260607TO20260614,DSCF0046,6/11/2026,12:24,White Throated Tinamou,Tianmus guttatus,1,Connor Munro,TRUE,
MON02,NWJ01,DP20260607TO20260614,DSCF0047,6/11/2026,12:25,White Throated Tinamou,Tianmus guttatus,2,Connor Munro,TRUE,
MON06,NWJ08,DP20260607TO20260614,DSCF0005,6/8/2026,13:59,Black Agouti,Dasyprocta fuliginosa,1,Nico Jaworski,FALSE,"Saw 4 legs and a black body behind some plants, so pretty sure"
MON06,NWJ08,DP20260607TO20260614,DSCF0006,6/9/2026,5:38,Mouse,N/A,1,Nico Jaworski,FALSE,
MON06,NWJ08,DP20260607TO20260614,DSCF0007,6/9/2026,5:39,Mouse,N/A,1,Nico Jaworski,FALSE,Same as DSCF0006
MON06,NWJ08,DP20260607TO20260614,DSCF0008,6/9/2026,9:49,Black Agouti,Dasyprocta fuliginosa,1,Nico Jaworski,FALSE,
MON05,NWJ13,DP20260607TO20260614,DSCF0022,6/12/2026,2:43,Nine-banded Armadillo,Dasypus novemcinctus,1,Addy Shultz,FALSE,
MON05,NWJ13,DP20260607TO20260614,DSCF0023,6/12/2026,2:44,Nine-banded Armadillo,Dasypus novemcinctus,1,Addy Shultz,FALSE,Same as DSCF0022
MON05,NWJ13,DP20260607TO20260614,DSCF0024,6/12/2026,2:44,Nine-banded Armadillo,Dasypus novemcinctus,1,Addy Shultz,FALSE,Same as DSCF0022
MON05,NWJ13,DP20260607TO20260614,DSCF0025,6/12/2026,2:44,Nine-banded Armadillo,Dasypus novemcinctus,1,Addy Shultz,FALSE,Same as DSCF0022
MON05,NWJ13,DP20260607TO20260614,DSCF0027,6/12/2026,17:03,Green Acouchi,Myoprocta pratti,1,Addy Shultz,FALSE,Same as DSCF0022
MON02,NWJ01,DP20260607TO20260614,DSCF0048,6/11/2026,16:23,Green Acouchi,Myoprocta pratti,1,Connor Munro,FALSE,
MON06,NWJ08,DP20260607TO20260614,DSCF0009,6/9/2026,21:57,Mouse,N/A,1,Nico Jaworski,FALSE,
MON06,NWJ08,DP20260607TO20260614,DSCF0010,6/10/2026,19:02,Mouse,N/A,1,Nico Jaworski,FALSE,
MON06,NWJ08,DP20260607TO20260614,DSCF0011,6/10/2026,20:02,Lowland Paca,Cuniculus paca,1,Nico Jaworski,FALSE,
MON06,NWJ08,DP20260607TO20260614,DSCF0012,6/13/2026,5:42,Southern Tamandua,Tamandua tetradactyla,1,Nico Jaworski,FALSE,
MON06,NWJ08,DP20260607TO20260614,DSCF0013,6/13/2026,5:43,Southern Tamandua,Tamandua tetradactyla,1,Nico Jaworski,FALSE,
MON02,NWJ01,DP20260607TO20260614,DSCF0050,6/11/2026,21:10,Lowland Tapir,Tapirus terrestris,1,Connor Munro,FALSE,
MON02,NWJ01,DP20260607TO20260614,DSCF0051,6/11/2026,21:10,Lowland Tapir,Tapirus terrestris,1,Connor Munro,FALSE,Same as DSCF0050
MON02,NWJ01,DP20260607TO20260614,DSCF0053,6/12/2026,11:01,Dove ,N/A,1,Connor Munro,TRUE,
MON02,NWJ01,DP20260607TO20260614,DSCF0055,6/12/2026,21:58,Nine-banded Armadillo,Dasypus novemcinctus,1,Connor Munro,FALSE,
MON02,NWJ01,DP20260607TO20260614,DSCF0056,6/12/2026,21:59,Nine-banded Armadillo,Dasypus novemcinctus,1,Connor Munro,FALSE,
MON02,NWJ01,DP20260607TO20260614,DSCF0057,6/12/2026,22:45,Mouse,N/A,1,Connor Munro,TRUE,
MON02,NWJ01,DP20260607TO20260614,DSCF0058,6/13/2026,7:33,Grey-Fronted Dove,Leptotilla Rufaxilla,1,Connor Munro,TRUE,
MON02,NWJ01,DP20260607TO20260614,DSCF0059,6/13/2026,14:01,Nocturnal Currassow,Nothocrax urumutum,1,Connor Munro,FALSE,
MON02,NWJ01,DP20260607TO20260614,DSCF0060,6/13/2026,14:02,Nocturnal Currassow,Nothocrax urumutum,2,Connor Munro,FALSE,
MON02,NWJ01,DP20260607TO20260614,DSCF0061,6/13/2026,14:02,Nocturnal Currassow,Nothocrax urumutum,3,Connor Munro,FALSE,
MON02,NWJ01,DP20260607TO20260614,DSCF0062,6/13/2026,19:25,Common black-eared Opossum,Didelphis marsupialis,1,Connor Munro,FALSE,
MON02,NWJ01,DP20260607TO20260614,DSCF0063,6/13/2026,19:35,Mouse,N/A,1,Connor Munro,TRUE,
MON02,NWJ01,DP20260607TO20260614,DSCF0064,6/14/2026,7:32,Variegated Tinamou,Crypturellus variegatus,1,Connor Munro,FALSE,
MON02,NWJ01,DP20260607TO20260614,DSCF0065,6/14/2026,7:32,Variegated Tinamou,Crypturellus variegatus,1,Connor Munro,FALSE,
MON02,NWJ01,DP20260607TO20260614,DSCF0066,6/14/2026,7:32,Variegated Tinamou,Crypturellus variegatus,1,Connor Munro,FALSE,
MON07,NWJ16,DP20260607TO20260614,DSCF0011,6/7/2026,18:50,?,N/A,N/A,Connor Munro,TRUE,Couldn't find in video
MON07,NWJ16,DP20260607TO20260614,DSCF0012,6/7/2026,18:51,?,N/A,N/A,Connor Munro,TRUE,Same as above (couldn't find)
MON07,NWJ16,DP20260607TO20260614,DSCF0013,6/7/2026,18:56,?,N/A,N/A,Connor Munro,TRUE,Same as above (couldn't find)
MON07,NWJ16,DP20260607TO20260614,DSCF0023,6/7/2026,20:58,Common black-eared Opossum,Didelphis marsupialis,1,Connor Munro,FALSE,
MON07,NWJ16,DP20260607TO20260614,DSCF0024,6/7/2026,20:58,Common black-eared Opossum,Didelphis marsupialis,1,Connor Munro,FALSE,
MON07,NWJ16,DP20260607TO20260614,DSCF0030,6/7/2026,23:56,Amercian Red Brocket,Mazama americana,1,Connor Munro,TRUE,Not 100% sure which deer
MON07,NWJ16,DP20260607TO20260614,DSCF0035,6/8/2026,4:03,Southern Tamandua,Tamandua tetradactyla,1,Connor Munro,FALSE,
MON07,NWJ16,DP20260607TO20260614,DSCF0037,6/8/2026,7:54,Black Agouti,Dasyprocta fuliginosa,1,Connor Munro,FALSE,
MON07,NWJ16,DP20260607TO20260614,DSCF0039,6/8/2026,10:09,Collared Pecary,Dicotyles tajacu,7,Connor Munro,TRUE,Most likely more individuals
MON07,NWJ16,DP20260607TO20260614,DSCF0040,6/8/2026,10:09,Collared Pecary,Dicotyles tajacu,10,Connor Munro,TRUE,Same as above
MON07,NWJ16,DP20260607TO20260614,DSCF0041,6/8/2026,10:09,Collared Pecary,Dicotyles tajacu,11,Connor Munro,TRUE,Same as above
MON07,NWJ16,DP20260607TO20260614,DSCF0042,6/8/2026,10:10,Collared Pecary,Dicotyles tajacu,8,Connor Munro,FALSE,Same as above
MON07,NWJ16,DP20260607TO20260614,DSCF0043,6/8/2026,10:10,Collared Pecary,Dicotyles tajacu,8,Connor Munro,FALSE,Same as above
MON07,NWJ16,DP20260607TO20260614,DSCF0044,6/8/2026,10:10,Collared Pecary,Dicotyles tajacu,6,Connor Munro,FALSE,Same as above
MON07,NWJ16,DP20260607TO20260614,DSCF0045,6/8/2026,10:10,Collared Pecary,Dicotyles tajacu,4,Connor Munro,FALSE,Same as above
MON07,NWJ16,DP20260607TO20260614,DSCF0046,6/8/2026,10:10,Collared Pecary,Dicotyles tajacu,3,Connor Munro,FALSE,Same as above
MON07,NWJ16,DP20260607TO20260614,DSCF0047,6/8/2026,10:11,Collared Pecary,Dicotyles tajacu,3,Connor Munro,FALSE,Same as above 
MON07,NWJ16,DP20260607TO20260614,DSCF0048,6/8/2026,10:11,Collared Pecary,Dicotyles tajacu,1,Connor Munro,FALSE,Same as above
MON07,NWJ16,DP20260607TO20260614,DSCF0050,6/9/2026,6:15,Black Agouti,Dasyprocta fuliginosa,1,Connor Munro,FALSE,
MON07,NWJ16,DP20260607TO20260614,DSCF0053,6/11/2026,8:50,Black Agouti,Dasyprocta fuliginosa,1,Connor Munro,TRUE,
MON07,NWJ16,DP20260607TO20260614,DSCF0054,6/11/2026,8:51,Black Agouti,Dasyprocta fuliginosa,1,Connor Munro,TRUE,
MON07,NWJ16,DP20260607TO20260614,DSCF0055,6/11/2026,21:41,American Red Brocket,Mazama americana,1,Connor Munro,TRUE,Not 100% sure which deer
MON07,NWJ16,DP20260607TO20260614,DSCF0057,6/12/2026,19:05,Mouse,N/A,1,Connor Munro,TRUE,
MON08,NWJ05,DP20260607TO20260614,DSCF0006,6/8/2026,11:08,Collared Pecary,Dicotyles tajacu,1,Connor Munro,FALSE,
MON08,NWJ05,DP20260607TO20260614,DSCF0007,6/8/2026,11:08,Collared Pecary,Dicotyles tajacu,1,Connor Munro,FALSE,
MON08,NWJ05,DP20260607TO20260614,DSCF0009,6/8/2026,17:49,Bird,N/A,1,Connor Munro,TRUE,
MON08,NWJ05,DP20260607TO20260614,DSCF0011,6/11/2026,7:44,Salvin's Curassow,Mitu salvini,2,Connor Munro,FALSE,
MON08,NWJ05,DP20260607TO20260614,DSCF0012,6/11/2026,7:44,Salvin's Curassow,Mitu salvini,3,Connor Munro,FALSE,
MON08,NWJ05,DP20260607TO20260614,DSCF0013,6/11/2026,7:44,Salvin's Curassow,Mitu salvini,3,Connor Munro,FALSE,
MON08,NWJ05,DP20260607TO20260614,DSCF0014,6/11/2026,7:44,Salvin's Curassow,Mitu salvini,2,Connor Munro,FALSE,
MON08,NWJ05,DP20260607TO20260614,DSCF0015,6/11/2026,7:45,Salvin's Curassow,Mitu salvini,2,Connor Munro,FALSE,
MON08,NWJ05,DP20260607TO20260614,DSCF0016,6/11/2026,7:45,Salvin's Curassow,Mitu salvini,2,Connor Munro,FALSE,
MON08,NWJ05,DP20260607TO20260614,DSCF0017,6/11/2026,7:45,Salvin's Curassow,Mitu salvini,2,Connor Munro,FALSE,
MON08,NWJ05,DP20260607TO20260614,DSCF0018,6/11/2026,7:46,None,N/A,N/A,Connor Munro,TRUE,No individual found
MON08,NWJ05,DP20260607TO20260614,DSCF0019,6/11/2026,21:58,Mouse,N/A,1,Connor Munro,TRUE,
MON08,NWJ05,DP20260607TO20260614,DSCF0021,6/12/2026,2:58,American Red Brocket,Mazama americana,1,Connor Munro,TRUE,Not 100% sure
MON08,NWJ05,DP20260607TO20260614,DSCF0022,6/12/2026,2:59,American Red Brocket,Mazama americana,1,Connor Munro,FALSE,
MON08,NWJ05,DP20260607TO20260614,DSCF0027,6/12/2026,10:28,Pale-winged Trumpeter,Psophia leucoptera,1,Connor Munro,FALSE,
MON08,NWJ05,DP20260607TO20260614,DSCF0028,6/12/2026,10:28,Pale-winged Trumpeter,Psophia leucoptera,1,Connor Munro,FALSE,
MON08,NWJ05,DP20260607TO20260614,DSCF0029,6/12/2026,12:20,Pale-winged Trumpeter,Psophia leucoptera,1,Connor Munro,FALSE,
MON08,NWJ05,DP20260607TO20260614,DSCF0030,6/12/2026,12:21,Pale-winged Trumpeter,Psophia leucoptera,2,Connor Munro,FALSE,
MON08,NWJ05,DP20260607TO20260614,DSCF0031,6/12/2026,12:21,Pale-winged Trumpeter,Psophia leucoptera,2,Connor Munro,FALSE,
MON08,NWJ05,DP20260607TO20260614,DSCF0032,6/12/2026,12:21,Pale-winged Trumpeter,Psophia leucoptera,1,Connor Munro,FALSE,
MON08,NWJ05,DP20260607TO20260614,DSCF0033,6/12/2026,12:21,Pale-winged Trumpeter,Psophia leucoptera,3,Connor Munro,FALSE,
MON08,NWJ05,DP20260607TO20260614,DSCF0034,6/12/2026,12:22,Pale-winged Trumpeter,Psophia leucoptera,3,Connor Munro,FALSE,
MON08,NWJ05,DP20260607TO20260614,DSCF0035,6/12/2026,12:22,Pale-winged Trumpeter,Psophia leucoptera,3,Connor Munro,FALSE,
MON08,NWJ05,DP20260607TO20260614,DSCF0036,6/12/2026,12:22,Pale-winged Trumpeter,Psophia leucoptera,1,Connor Munro,FALSE,
MON08,NWJ05,DP20260607TO20260614,DSCF0038,6/12/2026,12:24,Pale-winged Trumpeter,Psophia leucoptera,1,Connor Munro,FALSE,
MON08,NWJ05,DP20260607TO20260614,DSCF0039,6/12/2026,22:20,Mouse,N/A,1,Connor Munro,TRUE,
MON08,NWJ05,DP20260607TO20260614,DSCF0041,6/13/2026,8:54,Mouse,N/A,1,Connor Munro,TRUE,
MON08,NWJ05,DP20260607TO20260614,DSCF0042,6/13/2026,10:14,White Throated Tinamou,Tinamus guttatus,1,Connor Munro,FALSE,
MON08,NWJ05,DP20260607TO20260614,DSCF0043,6/13/2026,10:14,White Throated Tinamou,Tinamus guttatus,1,Connor Munro,FALSE,
MON08,NWJ05,DP20260607TO20260614,DSCF0044,6/13/2026,10:15,White Throated Tinamou,Tinamus guttatus,1,Connor Munro,FALSE,
MON08,NWJ05,DP20260607TO20260614,DSCF0045,6/13/2026,10:15,White Throated Tinamou,Tinamus guttatus,1,Connor Munro,FALSE,
MON08,NWJ05,DP20260607TO20260614,DSCF0046,6/13/2026,19:07,Mouse,N/A,1,Connor Munro,TRUE,Bottom left in video
MON08,NWJ05,DP20260607TO20260614,DSCF0047,6/13/2026,21:57,Mouse,N/A,1,Connor Munro,TRUE,
MON08,NWJ05,DP20260607TO20260614,DSCF0050,6/13/2026,23:19,Mouse,N/A,1,Connor Munro,TRUE,
MON09,NWJ06,DP20260607TO20260614,DSCF0010,6/10/2026,20:04,Ocelot,Leopardus pardalis,1,Connor Munro,FALSE,
MON09,NWJ06,DP20260607TO20260614,DSCF0011,6/11/2026,0:24:51,Muerilia Brown Brocket,Mazama nemorivaga,1,Connor Munro,FALSE,
MON09,NWJ06,DP20260607TO20260614,DSCF0012,6/11/2026,0:25:00,Muerilia Brown Brocket,Mazama nemorivaga,1,Connor Munro,FALSE,
MON09,NWJ06,DP20260607TO20260614,DSCF0013,6/11/2026,0:25:00,Muerilia Brown Brocket,Mazama nemorivaga,1,Connor Munro,FALSE,
MON09,NWJ06,DP20260607TO20260614,DSCF0016,6/13/2026,11:27,Black Agouti,Dasyprocta fuliginosa,1,Connor Munro,FALSE,
MON09,NWJ06,DP20260607TO20260614,DSCF0018,6/13/2026,11:28,Black Agouti,Dasyprocta fuliginosa,1,Connor Munro,FALSE,
MON09,NWJ06,DP20260607TO20260614,DSCF0019,6/13/2026,11:28,Black Agouti,Dasyprocta fuliginosa,1,Connor Munro,FALSE,
MON09,NWJ06,DP20260607TO20260614,DSCF0020,6/13/2026,11:29,Black Agouti,Dasyprocta fuliginosa,1,Connor Munro,FALSE,
MON09,NWJ06,DP20260607TO20260614,DSCF0022,6/13/2026,12:03,White Throated Tinamou,Tinamus guttatus,4,Connor Munro,TRUE,
MON10,NWJ12,DP20260607TO20260614,DSCF0006,6/8/2026,23:04,Puma,Puma Concolor,1,Connor Munro,FALSE,90% sure it's a male
MON10,NWJ12,DP20260607TO20260614,DSCF0013,6/10/2026,19:09,Common black-eared Opossum,Didelphis marsupialis,1,Connor Munro,FALSE,
MON10,NWJ12,DP20260607TO20260614,DSCF0014,6/10/2026,21:14,Mouse,N/A,1,Connor Munro,TRUE,
MON10,NWJ12,DP20260607TO20260614,DSCF0017,6/13/2026,2:01,Ocelot,Leopardus pardalis,1,Connor Munro,FALSE,
MON10,NWJ12,DP20260607TO20260614,DSCF0018,6/13/2026,2:01,Ocelot,Leopardus pardalis,1,Connor Munro,FALSE,
MON10,NWJ12,DP20260607TO20260614,DSCF0019,6/13/2026,11:45,Ocelot,Leopardus pardalis,1,Connor Munro,TRUE,Margay?
MON10,NWJ12,DP20260607TO20260614,DSCF0021,6/14/2026,11:27,Ocelot,Leopardus pardalis,1,Connor Munro,FALSE,
MON11,NWJ09,DP20260607TO20260614,DSCF0007,6/7/2026,21:50,Southern Tamandua,Tamandua tetradactyla,1,Connor Munro,TRUE,
MON11,NWJ09,DP20260607TO20260614,DSCF0008,6/8/2026,11:53,Lowland Paca,Cuniculus paca,1,Connor Munro,FALSE,
MON11,NWJ09,DP20260607TO20260614,DSCF0009,6/8/2026,11:56,Bush Dog,Speothos venaticus,3,Connor Munro,FALSE,
MON11,NWJ09,DP20260607TO20260614,DSCF0010,6/8/2026,11:57,Bush Dog,Speothos venaticus,1,Connor Munro,FALSE,
MON11,NWJ09,DP20260607TO20260614,DSCF0014,6/8/2026,20:13,Mouse,N/A,1,Connor Munro,TRUE,
MON11,NWJ09,DP20260607TO20260614,DSCF0016,6/9/2026,17:14,Black Agouti,Dasyprocta fuliginosa,1,Connor Munro,FALSE,
MON11,NWJ09,DP20260607TO20260614,DSCF0017,6/10/2026,4:11,Mouse,N/A,1,Connor Munro,TRUE,
MON11,NWJ09,DP20260607TO20260614,DSCF0018,6/10/2026,4:39,Mouse,N/A,1,Connor Munro,TRUE,
MON11,NWJ09,DP20260607TO20260614,DSCF0019,6/10/2026,17:00,Black Agouti,Dasyprocta fuliginosa,1,Connor Munro,FALSE,
MON11,NWJ09,DP20260607TO20260614,DSCF0020,6/10/2026,17:00,Black Agouti,Dasyprocta fuliginosa,1,Connor Munro,FALSE,
MON11,NWJ09,DP20260607TO20260614,DSCF0021,6/10/2026,17:20,Black Agouti,Dasyprocta fuliginosa,1,Connor Munro,FALSE,
MON11,NWJ09,DP20260607TO20260614,DSCF0022,6/10/2026,17:20,Black Agouti,Dasyprocta fuliginosa,1,Connor Munro,FALSE,
MON11,NWJ09,DP20260607TO20260614,DSCF0023,6/10/2026,17:21,Black Agouti,Dasyprocta fuliginosa,1,Connor Munro,FALSE,
MON11,NWJ09,DP20260607TO20260614,DSCF0024,6/10/2026,23:48,Nine-banded Armadillo,Dasypus novemcinctus,1,Connor Munro,FALSE,
MON11,NWJ09,DP20260607TO20260614,DSCF0025,6/10/2026,23:48,Nine-banded Armadillo,Dasypus novemcinctus,1,Connor Munro,FALSE,
MON11,NWJ09,DP20260607TO20260614,DSCF0026,6/10/2026,23:48,Nine-banded Armadillo,Dasypus novemcinctus,1,Connor Munro,FALSE,
MON11,NWJ09,DP20260607TO20260614,DSCF0027,6/11/2026,16:30,Black Agouti,Dasyprocta fuliginosa,1,Connor Munro,TRUE,not 100% sure
MON11,NWJ09,DP20260607TO20260614,DSCF0028,6/11/2026,19:14,Lowland Paca,Cuniculus paca,2,Connor Munro,FALSE,
MON11,NWJ09,DP20260607TO20260614,DSCF0029,6/11/2026,19:14,Lowland Paca,Cuniculus paca,2,Connor Munro,FALSE,
MON11,NWJ09,DP20260607TO20260614,DSCF0030,6/11/2026,19:14,Lowland Paca,Cuniculus paca,2,Connor Munro,FALSE,
MON11,NWJ09,DP20260607TO20260614,DSCF0031,6/11/2026,19:14,Lowland Paca,Cuniculus paca,2,Connor Munro,FALSE,
MON11,NWJ09,DP20260607TO20260614,DSCF0032,6/11/2026,19:15,Lowland Paca,Cuniculus paca,1,Connor Munro,FALSE,
MON11,NWJ09,DP20260607TO20260614,DSCF0033,6/11/2026,19:15,Lowland Paca,Cuniculus paca,1,Connor Munro,FALSE,
MON11,NWJ09,DP20260607TO20260614,DSCF0035,6/11/2026,22:53,Green Acouchi,Myopracta pratti,1,Connor Munro,TRUE,not 100% sure
MON11,NWJ09,DP20260607TO20260614,DSCF0036,6/12/2026,17:24,Salvin's Curassow,Mitu salvini,1,Connor Munro,FALSE,
MON11,NWJ09,DP20260607TO20260614,DSCF0037,6/12/2026,17:24,Salvin's Curassow,Mitu salvini,1,Connor Munro,FALSE,
MON11,NWJ09,DP20260607TO20260614,DSCF0038,6/12/2026,17:24,Salvin's Curassow,Mitu salvini,2,Connor Munro,FALSE,
MON11,NWJ09,DP20260607TO20260614,DSCF0039,6/12/2026,17:25,Salvin's Curassow,Mitu salvini,2,Connor Munro,FALSE,
MON11,NWJ09,DP20260607TO20260614,DSCF0040,6/12/2026,17:25,Salvin's Curassow,Mitu salvini,2,Connor Munro,FALSE,
MON11,NWJ09,DP20260607TO20260614,DSCF0041,6/12/2026,17:25,Salvin's Curassow,Mitu salvini,2,Connor Munro,FALSE,
MON11,NWJ09,DP20260607TO20260614,DSCF0042,6/12/2026,17:27,Salvin's Curassow,Mitu salvini,1,Connor Munro,FALSE,
MON11,NWJ09,DP20260607TO20260614,DSCF0043,6/12/2026,20:04,Mouse,N/A,1,Connor Munro,TRUE,
MON11,NWJ09,DP20260607TO20260614,DSCF0044,6/12/2026,20:10,Mouse,N/A,1,Connor Munro,TRUE,
MON11,NWJ09,DP20260607TO20260614,DSCF0045,6/12/2026,23:12,Mouse,N/A,1,Connor Munro,TRUE,
MON11,NWJ09,DP20260607TO20260614,DSCF0046,6/13/2026,15:18,White bellied spider monkey,Ateles belzebuth,1,Connor Munro,FALSE,
MON11,NWJ09,DP20260607TO20260614,DSCF0047,6/14/2026,6:37,Collared Pecary,Dicotyles tajacu,1,Connor Munro,FALSE,
MON11,NWJ09,DP20260607TO20260614,DSCF0048,6/14/2026,6:37,Collared Pecary,Dicotyles tajacu,1,Connor Munro,FALSE,
MON11,NWJ09,DP20260607TO20260614,DSCF0049,6/14/2026,6:38,Collared Pecary,Dicotyles tajacu,1,Connor Munro,FALSE,
MON11,NWJ09,DP20260607TO20260614,DSCF0050,6/14/2026,6:39,Collared Pecary,Dicotyles tajacu,2,Connor Munro,FALSE,
MON11,NWJ09,DP20260607TO20260614,DSCF0051,6/14/2026,6:40,Collared Pecary,Dicotyles tajacu,2,Connor Munro,FALSE,
MON11,NWJ09,DP20260607TO20260614,DSCF0052,6/14/2026,6:40,Collared Pecary,Dicotyles tajacu,1,Connor Munro,FALSE,
MON11,NWJ09,DP20260607TO20260614,DSCF0053,6/14/2026,6:40,Collared Pecary,Dicotyles tajacu,2,Connor Munro,FALSE,
MON11,NWJ09,DP20260607TO20260614,DSCF0054,6/14/2026,6:41,Collared Pecary,Dicotyles tajacu,2,Connor Munro,FALSE,
MON11,NWJ09,DP20260607TO20260614,DSCF0055,6/14/2026,6:42,Collared Pecary,Dicotyles tajacu,1,Connor Munro,FALSE,
MON11,NWJ09,DP20260607TO20260614,DSCF0057,6/14/2026,6:42,Collared Pecary,Dicotyles tajacu,1,Connor Munro,FALSE,
MON11,NWJ09,DP20260607TO20260614,DSCF0058,6/14/2026,6:43,Collared Pecary,Dicotyles tajacu,1,Connor Munro,FALSE,
MON11,NWJ09,DP20260607TO20260614,DSCF0059,6/14/2026,6:43,Collared Pecary,Dicotyles tajacu,1,Connor Munro,FALSE,
MON12,NWJ07,DP20260607TO20260614,DSCF0008,6/7/2026,17:24,Salvin's Currasow,Mitu salvini,1,Connor Munro,FALSE,
MON12,NWJ07,DP20260607TO20260614,DSCF0009,6/7/2026,17:24,Salvin's Currasow,Mitu salvini,1,Connor Munro,FALSE,
MON12,NWJ07,DP20260607TO20260614,DSCF0012,6/8/2026,16:37,Green Acouchi,Myopracta pratti,1,Connor Munro,FALSE,
MON12,NWJ07,DP20260607TO20260614,DSCF0013,6/9/2026,0:03,Lowland paca,Cuniculus paca,1,Connor Munro,FALSE,
MON12,NWJ07,DP20260607TO20260614,DSCF0014,6/9/2026,0:03,Lowland paca,Cuniculus paca,1,Connor Munro,FALSE,
MON12,NWJ07,DP20260607TO20260614,DSCF0015,6/9/2026,8:59,Pale-winged Trumpeter,Psophia leucoptera,2,Connor Munro,FALSE,
MON12,NWJ07,DP20260607TO20260614,DSCF0016,6/9/2026,8:59,Pale-winged Trumpeter,Psophia leucoptera,2,Connor Munro,FALSE,
MON12,NWJ07,DP20260607TO20260614,DSCF0017,6/9/2026,8:59,Pale-winged Trumpeter,Psophia leucoptera,1,Connor Munro,FALSE,
MON12,NWJ07,DP20260607TO20260614,DSCF0018,6/9/2026,9:00,Pale-winged Trumpeter,Psophia leucoptera,1,Connor Munro,FALSE,
MON12,NWJ07,DP20260607TO20260614,DSCF0020,6/9/2026,13:23,Black Agouti,Dasyprocta fuliginosa,1,Connor Munro,FALSE,
MON12,NWJ07,DP20260607TO20260614,DSCF0021,6/9/2026,13:24,Black Agouti,Dasyprocta fuliginosa,1,Connor Munro,FALSE,
MON12,NWJ07,DP20260607TO20260614,DSCF0022,6/9/2026,13:24,Black Agouti,Dasyprocta fuliginosa,1,Connor Munro,FALSE,
MON12,NWJ07,DP20260607TO20260614,DSCF0024,6/10/2026,0:07,Lowland Paca,Cuniculus paca,1,Connor Munro,FALSE,
MON12,NWJ07,DP20260607TO20260614,DSCF0025,6/10/2026,0:08,Lowland Paca,Cuniculus paca,1,Connor Munro,FALSE,
MON12,NWJ07,DP20260607TO20260614,DSCF0028,6/10/2026,13:58,Black Agouti,Dasyprocta fuliginosa,1,Connor Munro,FALSE,
MON12,NWJ07,DP20260607TO20260614,DSCF0029,6/10/2026,13:58,Black Agouti,Dasyprocta fuliginosa,1,Connor Munro,FALSE,
MON12,NWJ07,DP20260607TO20260614,DSCF0033,6/11/2026,3:08,Mouse,N/A,1,Connor Munro,TRUE,
MON12,NWJ07,DP20260607TO20260614,DSCF0034,6/11/2026,12:49,Pale-winged Trumpeter,Psophia leucoptera,2,Connor Munro,FALSE,
MON12,NWJ07,DP20260607TO20260614,DSCF0035,6/11/2026,12:49,Pale-winged Trumpeter,Psophia leucoptera,2,Connor Munro,FALSE,
MON12,NWJ07,DP20260607TO20260614,DSCF0036,6/11/2026,12:50,Pale-winged Trumpeter,Psophia leucoptera,2,Connor Munro,FALSE,
MON12,NWJ07,DP20260607TO20260614,DSCF0037,6/11/2026,15:58,Green Acouchi,Myopracta pratti,1,Connor Munro,FALSE,
MON12,NWJ07,DP20260607TO20260614,DSCF0038,6/11/2026,15:58,Green Acouchi,Myopracta pratti,1,Connor Munro,FALSE,
MON12,NWJ07,DP20260607TO20260614,DSCF0039,6/11/2026,16:41,Green Acouchi,Myopracta pratti,1,Connor Munro,FALSE,
MON12,NWJ07,DP20260607TO20260614,DSCF0040,6/11/2026,20:25,Lowland paca,Cuniculus paca,1,Connor Munro,FALSE,
MON12,NWJ07,DP20260607TO20260614,DSCF0041,6/11/2026,22:17,Mouse,N/A,1,Connor Munro,FALSE,
MON13,NWJ19,DP20260607TO20260615,DSCF0013,6/9/2026,9:34,Spix's Guan,Penelope jacquacu,1,Addy Shultz,FALSE,
MON12,NWJ07,DP20260607TO20260614,DSCF0043,6/13/2026,17:20,Black Agouti,Dasyprocta fuliginosa,1,Connor Munro,FALSE,
MON12,NWJ07,DP20260607TO20260614,DSCF0044,6/13/2026,20:07,Lowland paca,Cuniculus paca,1,Connor Munro,TRUE,not 100% sure
MON12,NWJ07,DP20260607TO20260614,DSCF0045,6/13/2026,23:04,Nine-banded Armadillo,Dasypus novemcinctus,1,Connor Munro,FALSE,
MON13,NWJ19,DP20260607TO20260615,DSCF0014,6/9/2026,9:34,Spix's Guan,Penelope jacquacu,1,Addy Shultz,FALSE,Same as DSCF0013
MON13,NWJ19,DP20260607TO20260615,DSCF0016,6/9/2026,20:02,Mammal,N/A,1,Addy Shultz,TRUE,Can only see part of the back in bottom left
MON13,NWJ19,DP20260607TO20260615,DSCF0021,6/10/2026,14:47,Pale-winged Trumpeter,Psophia leucoptera,1,Addy Shultz,FALSE,Same group as DSCF0022
MON13,NWJ19,DP20260607TO20260615,DSCF0022,6/10/2026,14:48,Pale-winged Trumpeter,Psophia leucoptera,2,Addy Shultz,FALSE,Same group as DSCF0021
MON13,NWJ19,DP20260607TO20260615,DSCF0023,6/10/2026,14:48,Pale-winged Trumpeter,Psophia leucoptera,3,Addy Shultz,FALSE,Same group as DSCF0021
MON13,NWJ19,DP20260607TO20260615,DSCF0024,6/10/2026,14:49,Pale-winged Trumpeter,Psophia leucoptera,1,Addy Shultz,FALSE,Same group as DSCF0021
MON13,NWJ19,DP20260607TO20260615,DSCF0025,6/10/2026,14:50,Pale-winged Trumpeter,Psophia leucoptera,2,Addy Shultz,FALSE,Same group as DSCF0021
MON13,NWJ19,DP20260607TO20260615,DSCF0027,6/11/2026,4:23,Mammal,N/A,1,Addy Shultz,FALSE,Can only see tail. Maybe opossum?
MON13,NWJ19,DP20260607TO20260615,DSCF0028,6/11/2026,12:32,Pale-winged Trumpeter,Psophia leucoptera,1,Addy Shultz,FALSE,
MON13,NWJ19,DP20260607TO20260615,DSCF0029,6/11/2026,12:34,Pale-winged Trumpeter,Psophia leucoptera,1,Addy Shultz,FALSE,
MON14,NWJ10,DP20260607TO20260615,DSCF0011,6/7/2026,17:40,Black Agouti,Dasyprocta fuliginosa,1,Connor Munro,FALSE,
MON14,NWJ10,DP20260607TO20260615,DSCF0012,6/7/2026,17:41,Black Agouti,Dasyprocta fuliginosa,1,Connor Munro,FALSE,
MON14,NWJ10,DP20260607TO20260615,DSCF0015,6/8/2026,2:35,Mouse,N/A,1,Connor Munro,FALSE,
MON14,NWJ10,DP20260607TO20260615,DSCF0016,6/8/2026,3:28,Mouse,N/A,1,Connor Munro,FALSE,
MON14,NWJ10,DP20260607TO20260615,DSCF0017,6/8/2026,6:43,Green Acouchi,Myoprocta pratti,1,Connor Munro,FALSE,
MON14,NWJ10,DP20260607TO20260615,DSCF0018,6/8/2026,6:43,Green Acouchi,Myoprocta pratti,1,Connor Munro,FALSE,
MON14,NWJ10,DP20260607TO20260615,DSCF0019,6/8/2026,9:26,Green Acouchi,Myoprocta pratti,1,Connor Munro,FALSE,
MON14,NWJ10,DP20260607TO20260615,DSCF0020,6/8/2026,9:27,Green Acouchi,Myoprocta pratti,1,Connor Munro,FALSE,
MON14,NWJ10,DP20260607TO20260615,DSCF0021,6/8/2026,9:27,Green Acouchi,Myoprocta pratti,1,Connor Munro,FALSE,
MON14,NWJ10,DP20260607TO20260615,DSCF0022,6/8/2026,9:30,Green Acouchi,Myoprocta pratti,1,Connor Munro,FALSE,
MON14,NWJ10,DP20260607TO20260615,DSCF0024,6/8/2026,13:09,Salvin's Currasow,Mitu salvini,2,Connor Munro,FALSE,
MON14,NWJ10,DP20260607TO20260615,DSCF0025,6/8/2026,13:09,Salvin's Currasow,Mitu salvini,2,Connor Munro,FALSE,
MON14,NWJ10,DP20260607TO20260615,DSCF0026,6/8/2026,14:17,Green Acouchi,Myoprocta pratti,1,Connor Munro,FALSE,
MON14,NWJ10,DP20260607TO20260615,DSCF0027,6/8/2026,14:18,Green Acouchi,Myoprocta pratti,1,Connor Munro,FALSE,
MON14,NWJ10,DP20260607TO20260615,DSCF0028,6/8/2026,15:30,Green Acouchi,Myoprocta pratti,1,Connor Munro,FALSE,
MON14,NWJ10,DP20260607TO20260615,DSCF0029,6/8/2026,15:31,Green Acouchi,Myoprocta pratti,1,Connor Munro,FALSE,
MON14,NWJ10,DP20260607TO20260615,DSCF0030,6/8/2026,15:31,Green Acouchi,Myoprocta pratti,1,Connor Munro,FALSE,
MON13,NWJ19,DP20260607TO20260615,DSCF0030,6/11/2026,14:51,Pale-winged Trumpeter,Psophia leucoptera,2,Addy Shultz,FALSE,
MON13,NWJ19,DP20260607TO20260615,DSCF0031,6/11/2026,14:52,Pale-winged Trumpeter,Psophia leucoptera,1,Addy Shultz,FALSE,
MON13,NWJ19,DP20260607TO20260615,DSCF0035,6/12/2026,9:16,Green Acouchi,Myoprocta pratti,1,Addy Shultz,FALSE,
MON13,NWJ19,DP20260607TO20260615,DSCF0036,6/12/2026,9:17,Green Acouchi,Myoprocta pratti,2,Addy Shultz,FALSE,
MON13,NWJ19,DP20260607TO20260615,DSCF0037,6/12/2026,9:17,Green Acouchi,Myoprocta pratti,1,Addy Shultz,FALSE,
MON13,NWJ19,DP20260607TO20260615,DSCF0039,6/12/2026,22:36,Lowland Paca,Cuniculus paca,1,Addy Shultz,FALSE,
MON13,NWJ19,DP20260607TO20260615,DSCF0040,6/12/2026,22:37,Lowland Paca,Cuniculus paca,1,Addy Shultz,FALSE,
MON13,NWJ19,DP20260607TO20260615,DSCF0042,6/13/2026,7:45,Green Acouchi,Myoprocta pratti,1,Addy Shultz,FALSE,
MON13,NWJ19,DP20260607TO20260615,DSCF0043,6/13/2026,7:45,Green Acouchi,Myoprocta pratti,1,Addy Shultz,FALSE,
MON13,NWJ19,DP20260607TO20260615,DSCF0044,6/13/2026,7:46,Green Acouchi,Myoprocta pratti,1,Addy Shultz,FALSE,
MON13,NWJ19,DP20260607TO20260615,DSCF0045,6/14/2026,8:00,Northern Amazon Red Squirrel,Hadrosciurus igniventris,1,Addy Shultz,FALSE,
MON06,NWJ08,DP20260607TO20260614,DSCF0014,6/13/2026,5:57,Southern Tamandua,Tamandua tetradactyla,1,Nico Jaworski,FALSE,
MON06,NWJ08,DP20260607TO20260614,DSCF0015,6/13/2026,5:57,Southern Tamandua,Tamandua tetradactyla,1,Nico Jaworski,FALSE,
MON06,NWJ08,DP20260607TO20260614,DSCF0016,6/13/2026,10:40,American Red Brocket,Mazama americana,2,Nico Jaworski,FALSE,
MON06,NWJ08,DP20260607TO20260614,DSCF0017,6/13/2026,15:58,Great Tinamou,Tinamus major,3,Nico Jaworski,FALSE,
MON06,NWJ08,DP20260607TO20260614,DSCF0018,6/13/2026,15:59,Great Tinamou,Tinamus major,1,Nico Jaworski,FALSE,
MON06,NWJ08,DP20260607TO20260614,DSCF0019,6/13/2026,22:40,Southern Tamandua,Tamandua tetradactyla,1,Nico Jaworski,FALSE,
MON06,NWJ08,DP20260607TO20260614,DSCF0021,6/14/2026,3:53,None,N/A,N/A,Nico Jaworski,TRUE,I think this does not have anything in it
MON06,NWJ08,DP20260607TO20260614,DSCF0022,6/14/2026,4:22,Mouse,N/A,1,Nico Jaworski,FALSE,
MON06,NWJ08,DP20260607TO20260614,DSCF0023,6/14/2026,4:23,Southern Tamandua,Tamandua tetradactyla,1,Nico Jaworski,FALSE,
MON06,NWJ08,DP20260607TO20260614,DSCF0024,6/14/2026,4:50,Mouse,N/A,1,Nico Jaworski,FALSE,
MON06,NWJ08,DP20260607TO20260614,DSCF0025,6/14/2026,6:13,Southern Tamandua,Tamandua tetradactyla,1,Nico Jaworski,FALSE,
MON14,NWJ10,DP20260607TO20260615,DSCF0032,6/8/2026,15:57,Green Acouchi,Myoprocta pratti,1,Connor Munro,FALSE,
MON14,NWJ10,DP20260607TO20260615,DSCF0035,6/8/2026,16:09,Green Acouchi,Myoprocta pratti,1,Connor Munro,TRUE,not 100% sure
MON14,NWJ10,DP20260607TO20260615,DSCF0036,6/8/2026,16:52,Green Acouchi,Myoprocta pratti,1,Connor Munro,FALSE,
MON14,NWJ10,DP20260607TO20260615,DSCF0038,6/8/2026,16:53,Green Acouchi,Myoprocta pratti,1,Connor Munro,FALSE,
MON14,NWJ10,DP20260607TO20260615,DSCF0039,6/8/2026,16:54,Green Acouchi,Myoprocta pratti,1,Connor Munro,FALSE,
MON14,NWJ10,DP20260607TO20260615,DSCF0040,6/8/2026,17:00,Little Tinamou,Crypturellus soui,1,Connor Munro,FALSE,
MON14,NWJ10,DP20260607TO20260615,DSCF0042,6/8/2026,19:54,Nine-banded armadillo,Dasypus novemcinctus,1,Connor Munro,FALSE,
MON14,NWJ10,DP20260607TO20260615,DSCF0044,6/8/2026,20:56,Nine-banded armadillo,Dasypus novemcinctus,1,Connor Munro,FALSE,
MON15,NWJ02,DP20260607TO20260615,DSCF002,6/9/2026,0:00,Mammal,N/A,1,Nico Jaworski,FALSE,
MON15,NWJ02,DP20260607TO20260615,DSCF003,6/14/2026,5:47,Brocket,Mazama spp.,1,Nico Jaworski,TRUE,
MON15,NWJ02,DP20260607TO20260615,DSCF004,6/14/2026,5:47,Brocket,Mazama spp.,1,Nico Jaworski,TRUE,
MON14,NWJ10,DP20260607TO20260615,DSCF0052,6/9/2026,4:36,Mouse,N/A,1,Connor Munro,FALSE,
MON14,NWJ10,DP20260607TO20260615,DSCF0053,6/9/2026,10:18,Green Acouchi,Myoprocta pratti,1,Connor Munro,FALSE,
MON14,NWJ10,DP20260607TO20260615,DSCF0055,6/9/2026,13:02,Green Acouchi,Myoprocta pratti,1,Connor Munro,FALSE,
MON14,NWJ10,DP20260607TO20260615,DSCF0056,6/9/2026,13:02,Green Acouchi,Myoprocta pratti,1,Connor Munro,FALSE,
MON14,NWJ10,DP20260607TO20260615,DSCF0057,6/9/2026,13:02,Green Acouchi,Myoprocta pratti,1,Connor Munro,FALSE,
MON14,NWJ10,DP20260607TO20260615,DSCF0058,6/9/2026,13:03,Green Acouchi,Myoprocta pratti,1,Connor Munro,FALSE,
MON14,NWJ10,DP20260607TO20260615,DSCF0059,6/9/2026,13:03,Green Acouchi,Myoprocta pratti,1,Connor Munro,FALSE,
MON16,NWJ17,DP20260607TO20260615,DSCF0005,6/8/2026,4:12,Common Black-eared Opossum,Didelphis marsupialis,1,Addy Shultz,FALSE,
MON16,NWJ17,DP20260607TO20260615,DSCF0011,6/9/2026,3:55,Common Black-eared Opossum,Didelphis marsupialis,1,Addy Shultz,FALSE,
MON16,NWJ17,DP20260607TO20260615,DSCF0012,6/9/2026,5:41,Bush Dog,Speothos venaticus,3,Addy Shultz,FALSE,
MON16,NWJ17,DP20260607TO20260615,DSCF0013,6/9/2026,5:43,Bush Dog,Speothos venaticus,5,Addy Shultz,FALSE,
MON16,NWJ17,DP20260607TO20260615,DSCF0014,6/9/2026,5:43,Bush Dog,Speothos venaticus,6,Addy Shultz,FALSE,
MON16,NWJ17,DP20260607TO20260615,DSCF0015,6/9/2026,5:43,Bush Dog,Speothos venaticus,7,Addy Shultz,FALSE,
MON16,NWJ17,DP20260607TO20260615,DSCF0016,6/9/2026,5:44,Bush Dog,Speothos venaticus,6,Addy Shultz,FALSE,
MON16,NWJ17,DP20260607TO20260615,DSCF0017,6/9/2026,5:44,Bush Dog,Speothos venaticus,5,Addy Shultz,FALSE,
MON16,NWJ17,DP20260607TO20260615,DSCF0019,6/9/2026,18:38,Common Black-eared Opossum,Didelphis marsupialis,1,Addy Shultz,FALSE,
MON16,NWJ17,DP20260607TO20260615,DSCF0020,6/10/2026,3:55,Common Black-eared Opossum,Didelphis marsupialis,1,Addy Shultz,FALSE,
MON16,NWJ17,DP20260607TO20260615,DSCF0062,6/10/2026,18:00,Green Acouchi,Myoprocta pratti,1,Addy Shultz,FALSE,
MON16,NWJ17,DP20260607TO20260615,DSCF0063,6/11/2026,4:15,Common Black-eared Opossum,Myoprocta pratti,1,Addy Shultz,FALSE,
MON17,NWJ18,DP20260607TO20260615,DSCF0011,6/8/2026,7:46,Northern Amazon Red Squirrel,Hadrosciurus igniventris,1,Nico Jaworski,FALSE,
MON17,NWJ18,DP20260607TO20260615,DSCF0012,6/8/2026,10:14,Northern Amazon Red Squirrel,Hadrosciurus igniventris,1,Nico Jaworski,FALSE,
MON17,NWJ18,DP20260607TO20260615,DSCF0013,6/8/2026,13:01,Northern Amazon Red Squirrel,Hadrosciurus igniventris,1,Nico Jaworski,FALSE,
MON17,NWJ18,DP20260607TO20260615,DSCF0016,6/8/2026,16:56,Northern Amazon Red Squirrel,Hadrosciurus igniventris,1,Nico Jaworski,FALSE,
MON17,NWJ18,DP20260607TO20260615,DSCF0017,6/9/2026,17:30,Black Agouti,Dasyprocta fuliginosa,1,Nico Jaworski,FALSE,
MON17,NWJ18,DP20260607TO20260615,DSCF0021,6/10/2026,7:15,Pale-winged Trumpeter,Psophia leucoptera,1,Nico Jaworski,FALSE,
MON17,NWJ18,DP20260607TO20260615,DSCF0023,6/10/2026,9:59,Marbled Wood-Quail,Odontophorus gujanensis,2,Nico Jaworski,FALSE,
MON17,NWJ18,DP20260607TO20260615,DSCF0024,6/10/2026,10:00,Marbled Wood-Quail,Odontophorus gujanensis,1,Nico Jaworski,FALSE,
MON17,NWJ18,DP20260607TO20260615,DSCF0025,6/10/2026,10:00,Marbled Wood-Quail,Odontophorus gujanensis,2,Nico Jaworski,FALSE,
MON17,NWJ18,DP20260607TO20260615,DSCF0026,6/11/2026,15:38,Green Acouchi,Myoprocta pratti,1,Nico Jaworski,FALSE,
MON17,NWJ18,DP20260607TO20260615,DSCF0027,6/11/2026,22:18,Green Acouchi,Myoprocta pratti,1,Nico Jaworski,TRUE,
MON17,NWJ18,DP20260607TO20260615,DSCF0029,6/15/2026,7:22,Pale-winged Trumpeter,Psophia leucoptera,4,Nico Jaworski,FALSE,
MON17,NWJ18,DP20260607TO20260615,DSCF0030,6/15/2026,7:22,Pale-winged Trumpeter,Psophia leucoptera,1,Nico Jaworski,FALSE,
MON14,NWJ10,DP20260607TO20260615,DSCF0061,6/9/2026,13:11,Green Acouchi,Myoprocta pratti,1,Connor Munro,FALSE,
MON14,NWJ10,DP20260607TO20260615,DSCF0063,6/9/2026,17:44,Wood quail,N/A,2,Connor Munro,FALSE,
MON14,NWJ10,DP20260607TO20260615,DSCF0064,6/10/2026,3:14,Mouse,N/A,1,Connor Munro,FALSE,
MON14,NWJ10,DP20260607TO20260615,DSCF0066,6/10/2026,9:49,Black Acouti,Dasyprocta fuliginosa,1,Connor Munro,FALSE,
MON14,NWJ10,DP20260607TO20260615,DSCF0068,6/10/2026,13:27,American Red Brocket Deer,Mazama americana,1,Connor Munro,FALSE,
MON14,NWJ10,DP20260607TO20260615,DSCF0069,6/10/2026,13:27,American Red Brocket Deer,Mazama americana,1,Connor Munro,FALSE,
MON14,NWJ10,DP20260607TO20260615,DSCF0071,6/10/2026,17:19,Little Tinamou,Cryptullerus soui,1,Connor Munro,FALSE,
MON14,NWJ10,DP20260607TO20260615,DSCF0072,6/10/2026,17:35,Green Acouchi,Myoprocta pratti,1,Connor Munro,FALSE,
MON14,NWJ10,DP20260607TO20260615,DSCF0073,6/10/2026,18:02,Green Acouchi,Myoprocta pratti,1,Connor Munro,FALSE,
MON14,NWJ10,DP20260607TO20260615,DSCF0075,6/10/2026,18:06,Green Acouchi,Myoprocta pratti,1,Connor Munro,FALSE,
MON18,NWJ14,DP20260607TO20260615,DSCF0010,6/8/2026,10:21,Salvin's Currasow,Mitu salvini,1,Nico Jaworski,FALSE,
MON18,NWJ14,DP20260607TO20260615,DSCF0011,6/8/2026,10:21,Salvin's Currasow,Mitu salvini,1,Nico Jaworski,FALSE,
MON18,NWJ14,DP20260607TO20260615,DSCF0012,6/8/2026,10:21,Salvin's Currasow,Mitu salvini,1,Nico Jaworski,FALSE,
MON18,NWJ14,DP20260607TO20260615,DSCF0013,6/9/2026,0:42,Common Black-eared Opossum,Didelphis marsupialis,1,Nico Jaworski,FALSE,
MON18,NWJ14,DP20260607TO20260615,DSCF0014,6/9/2026,19:22,Nine-banded armadillo,Dasypus novemcinctus,1,Nico Jaworski,FALSE,
MON18,NWJ14,DP20260607TO20260615,DSCF0015,6/9/2026,21:44,Mouse,N/A,1,Nico Jaworski,FALSE,
MON18,NWJ14,DP20260607TO20260615,DSCF0016,6/11/2026,18:29,Common Black-eared Opossum,Didelphis marsupialis,1,Nico Jaworski,FALSE,
MON18,NWJ14,DP20260607TO20260615,DSCF0017,6/11/2026,18:29,Common Black-eared Opossum,Didelphis marsupialis,1,Nico Jaworski,FALSE,
MON18,NWJ14,DP20260607TO20260615,DSCF0019,6/15/2026,1:05,Common Black-eared Opossum,Didelphis marsupialis,1,Nico Jaworski,FALSE,
MON18,NWJ14,DP20260607TO20260615,DSCF0020,6/15/2026,8:00,Great Tinamou,Tinamus major,1,Nico Jaworski,TRUE,Unsure on ID
MON16,NWJ17,DP20260607TO20260615,DSCF0064,6/12/2026,2:11,Common Black-eared Opossum,Didelphis marsupialis,1,Addy Shultz,FALSE,
MON16,NWJ17,DP20260607TO20260615,DSCF0065,6/12/2026,2:13,Common Black-eared Opossum,Didelphis marsupialis,1,Addy Shultz,FALSE,
MON16,NWJ17,DP20260607TO20260615,DSCF0070,6/12/2026,23:37,Common Black-eared Opossum,Didelphis marsupialis,1,Addy Shultz,FALSE,
MON16,NWJ17,DP20260607TO20260615,DSCF0071,6/13/2026,16:54,Grey-winged Trumpeter,Psophia crepitans,4,Addy Shultz,FALSE,
MON16,NWJ17,DP20260607TO20260615,DSCF0072,6/13/2026,16:54,Grey-winged Trumpeter,Psophia crepitans,3,Addy Shultz,FALSE,
MON16,NWJ17,DP20260607TO20260615,DSCF0073,6/13/2026,21:25,Common Black-eared Opossum,Didelphis marsupialis,1,Addy Shultz,FALSE,
MON16,NWJ17,DP20260607TO20260615,DSCF0074,6/14/2026,3:29,Common Black-eared Opossum,Didelphis marsupialis,1,Addy Shultz,FALSE,
MON16,NWJ17,DP20260607TO20260615,DSCF0075,6/14/2026,9:26,Black Agouti,Dasyprocta fuliginosa,1,Addy Shultz,FALSE,
MON16,NWJ17,DP20260607TO20260615,DSCF0076,6/14/2026,20:43,Lowland Paca,Cuniculus paca,1,Addy Shultz,FALSE,
MON16,NWJ17,DP20260607TO20260615,DSCF0077,6/14/2026,20:44,Lowland Paca,Cuniculus paca,1,Addy Shultz,FALSE,
MON16,NWJ17,DP20260607TO20260615,DSCF0079,6/15/2026,0:30,Common Black-eared Opossum,Didelphis marsupialis,1,Addy Shultz,FALSE,
MON16,NWJ17,DP20260607TO20260615,DSCF0080,6/15/2026,0:48,Common Black-eared Opossum,Didelphis marsupialis,1,Addy Shultz,FALSE,
MON16,NWJ17,DP20260607TO20260615,DSCF0081,6/15/2026,6:18,Pale-winged Trumpeter,Psophia leucoptera,3,Addy Shultz,TRUE,Maybe grey-winged
MON14,NWJ10,DP20260607TO20260615,DSCF0077,6/10/2026,23:40,Lowland paca,Cuniculus paca,1,Connor Munro,FALSE,
MON14,NWJ10,DP20260607TO20260615,DSCF0078,6/11/2026,6:16,Green Acouchi,Myoprocta pratti,1,Connor Munro,FALSE,
MON14,NWJ10,DP20260607TO20260615,DSCF0079,6/11/2026,6:16,Green Acouchi,Myoprocta pratti,1,Connor Munro,FALSE,
MON14,NWJ10,DP20260607TO20260615,DSCF0080,6/11/2026,6:17,Green Acouchi,Myoprocta pratti,1,Connor Munro,FALSE,
MON14,NWJ10,DP20260607TO20260615,DSCF0081,6/11/2026,6:24,Grey-winged Trumpeter,Psophia crepitans,1,Connor Munro,FALSE,
MON14,NWJ10,DP20260607TO20260615,DSCF0082,6/11/2026,6:24,Grey-winged Trumpeter,Psophia crepitans,1,Connor Munro,FALSE,
MON19,NWJ04,DP20260607TO20260615,DSCF0006,6/7/2026,21:37,Lowland Tapir,Tapirus terrestris,1,Nico Jaworski,FALSE,
MON19,NWJ04,DP20260607TO20260615,DSCF0007,6/7/2026,21:37,Lowland Tapir,Tapirus terrestris,1,Nico Jaworski,FALSE,
MON19,NWJ04,DP20260607TO20260615,DSCF0008,6/10/2026,11:03,Black Acouti,Dasyprocta fuliginosa,1,Nico Jaworski,FALSE,
MON19,NWJ04,DP20260607TO20260615,DSCF0009,6/13/2026,6:56,Green Acouchi,Myoprocta pratti,1,Nico Jaworski,FALSE,
MON19,NWJ04,DP20260607TO20260615,DSCF0011,6/13/2026,6:58,Green Acouchi,Myoprocta pratti,1,Nico Jaworski,FALSE,
MON19,NWJ04,DP20260607TO20260615,DSCF0012,6/13/2026,7:15,Marbled Wood-Quail,Odontophorus gujanensis,1,Nico Jaworski,FALSE,
MON19,NWJ04,DP20260607TO20260615,DSCF0013,6/13/2026,7:16,Marbled Wood-Quail,Odontophorus gujanensis,5,Nico Jaworski,FALSE,
MON19,NWJ04,DP20260607TO20260615,DSCF0013,6/13/2026,7:16,Green Acouchi,Myoprocta pratti,1,Nico Jaworski,FALSE,
MON19,NWJ04,DP20260607TO20260615,DSCF0014,6/13/2026,7:16,Marbled Wood-Quail,Odontophorus gujanensis,6,Nico Jaworski,FALSE,
MON19,NWJ04,DP20260607TO20260615,DSCF0014,6/13/2026,7:16,Green Acouchi,Myoprocta pratti,1,Nico Jaworski,FALSE,
MON19,NWJ04,DP20260607TO20260615,DSCF0015,6/13/2026,9:31,Black Acouti,Dasyprocta fuliginosa,1,Nico Jaworski,FALSE,
MON14,NWJ10,DP20260607TO20260615,DSCF0084,6/11/2026,9:23,Green Acouchi,Myoprocta pratti,1,Connor Munro,FALSE,
MON14,NWJ10,DP20260607TO20260615,DSCF0085,6/11/2026,9:24,Green Acouchi,Myoprocta pratti,1,Connor Munro,FALSE,
MON14,NWJ10,DP20260607TO20260615,DSCF0086,6/11/2026,12:00,Grey-winged Trumpeter,Psophia crepitans,3,Connor Munro,FALSE,
MON14,NWJ10,DP20260607TO20260615,DSCF0087,6/11/2026,12:00,Grey-winged Trumpeter,Psophia crepitans,3,Connor Munro,FALSE,
MON14,NWJ10,DP20260607TO20260615,DSCF0088,6/11/2026,12:00,Grey-winged Trumpeter,Psophia crepitans,2,Connor Munro,FALSE,
MON14,NWJ10,DP20260607TO20260615,DSCF0089,6/11/2026,12:00,Grey-winged Trumpeter,Psophia crepitans,2,Connor Munro,FALSE,
MON14,NWJ10,DP20260607TO20260615,DSCF0090,6/11/2026,12:00,Grey-winged Trumpeter,Psophia crepitans,2,Connor Munro,FALSE,
MON14,NWJ10,DP20260607TO20260615,DSCF0091,6/11/2026,12:01,Grey-winged Trumpeter,Psophia crepitans,1,Connor Munro,FALSE,
MON14,NWJ10,DP20260607TO20260615,DSCF0092,6/11/2026,15:10,Bird,N/A,1,Connor Munro,TRUE,
MON14,NWJ10,DP20260607TO20260615,DSCF0093,6/11/2026,15:10,Bird,N/A,1,Connor Munro,TRUE,
MON14,NWJ10,DP20260607TO20260615,DSCF0094,6/12/2026,7:32,Bird,N/A,1,Connor Munro,TRUE,
MON14,NWJ10,DP20260607TO20260615,DSCF0096,6/12/2026,17:22,Green Acouchi,Myoprocta pratti,1,Connor Munro,FALSE,
MON14,NWJ10,DP20260607TO20260615,DSCF0097,6/12/2026,17:23,Green Acouchi,Myoprocta pratti,1,Connor Munro,FALSE,
MON14,NWJ10,DP20260607TO20260615,DSCF0098,6/12/2026,17:23,Green Acouchi,Myoprocta pratti,1,Connor Munro,FALSE,
MON14,NWJ10,DP20260607TO20260615,DSCF0099,6/12/2026,17:23,Green Acouchi,Myoprocta pratti,1,Connor Munro,FALSE,
MON14,NWJ10,DP20260607TO20260615,DSCF0100,6/12/2026,17:35,Green Acouchi,Myoprocta pratti,1,Connor Munro,FALSE,
MON14,NWJ10,DP20260607TO20260615,DSCF0103,6/12/2026,20:29,Mouse,N/A,1,Connor Munro,TRUE,
MON14,NWJ10,DP20260607TO20260615,DSCF0105,6/13/2026,10:31,Green Acouchi,Myoprocta pratti,1,Connor Munro,FALSE,
MON14,NWJ10,DP20260607TO20260615,DSCF0106,6/13/2026,10:32,None,N/A,0,Connor Munro,TRUE,Couldn't find animal
MON14,NWJ10,DP20260607TO20260615,DSCF0108,6/13/2026,10:57,Green Acouchi,Myoprocta pratti,1,Connor Munro,FALSE,
MON14,NWJ10,DP20260607TO20260615,DSCF0110,6/13/2026,11:05,Green Acouchi,Myoprocta pratti,1,Connor Munro,FALSE,
MON14,NWJ10,DP20260607TO20260615,DSCF0111,6/13/2026,11:05,Green Acouchi,Myoprocta pratti,1,Connor Munro,FALSE,
MON14,NWJ10,DP20260607TO20260615,DSCF0112,6/13/2026,11:08,Green Acouchi,Myoprocta pratti,1,Connor Munro,FALSE,
MON14,NWJ10,DP20260607TO20260615,DSCF0113,6/13/2026,11:13,Green Acouchi,Myoprocta pratti,1,Connor Munro,FALSE,
MON14,NWJ10,DP20260607TO20260615,DSCF0114,6/13/2026,11:18,Green Acouchi,Myoprocta pratti,1,Connor Munro,FALSE,
MON14,NWJ10,DP20260607TO20260615,DSCF0117,6/13/2026,11:23,Green Acouchi,Myoprocta pratti,1,Connor Munro,FALSE,
MON14,NWJ10,DP20260607TO20260615,DSCF0119,6/13/2026,12:45,Green Acouchi,Myoprocta pratti,1,Connor Munro,FALSE,
MON14,NWJ10,DP20260607TO20260615,DSCF0121,6/13/2026,14:58,Great Tinamou,Tinamus major,1,Connor Munro,FALSE,
MON14,NWJ10,DP20260607TO20260615,DSCF0122,6/13/2026,15:19,Green Acouchi,Myoprocta pratti,1,Connor Munro,FALSE,
MON14,NWJ10,DP20260607TO20260615,DSCF0123,6/14/2026,15:54,Green Acouchi,Myoprocta pratti,1,Connor Munro,FALSE,
MON14,NWJ10,DP20260607TO20260615,DSCF0124,6/14/2026,15:54,Green Acouchi,Myoprocta pratti,1,Connor Munro,FALSE,
MON14,NWJ10,DP20260607TO20260615,DSCF0126,6/14/2026,16:27,Green Acouchi,Myoprocta pratti,1,Connor Munro,FALSE,
MON14,NWJ10,DP20260607TO20260615,DSCF0127,6/14/2026,17:39,Green Acouchi,Myoprocta pratti,1,Connor Munro,FALSE,
MON14,NWJ10,DP20260607TO20260615,DSCF0128,6/14/2026,17:40,Green Acouchi,Myoprocta pratti,1,Connor Munro,FALSE,
MON14,NWJ10,DP20260607TO20260615,DSCF0129,6/14/2026,17:51,Green Acouchi,Myoprocta pratti,1,Connor Munro,FALSE,
MON14,NWJ10,DP20260607TO20260615,DSCF0130,6/14/2026,17:56,?,N/A,1,Connor Munro,TRUE,Don't know
MON01,NWJ20,DP20260614TO20260621,DSCF0004,6/14/2026,8:39,Pale-winged Trumpeter,Psophia Leucoptera,1,Connor Munro,FALSE,
MON01,NWJ20,DP20260614TO20260621,DSCF0005,6/14/2026,8:39,Pale-winged Trumpeter,Psophia Leucoptera,2,Connor Munro,FALSE,
MON01,NWJ20,DP20260614TO20260621,DSCF0008,6/14/2026,17:43,Green Acouchi,Myoprocta pratti,1,Connor Munro,FALSE,
MON01,NWJ20,DP20260614TO20260621,DSCF0009,6/14/2026,17:45,Green Acouchi,Myoprocta pratti,2,Connor Munro,FALSE,
MON01,NWJ20,DP20260614TO20260621,DSCF0010,6/14/2026,17:45,Green Acouchi,Myoprocta pratti,2,Connor Munro,FALSE,
MON01,NWJ20,DP20260614TO20260621,DSCF0011,6/14/2026,17:45,Green Acouchi,Myoprocta pratti,2,Connor Munro,FALSE,
MON01,NWJ20,DP20260614TO20260621,DSCF0012,6/14/2026,17:47,Green Acouchi,Myoprocta pratti,1,Connor Munro,FALSE,
MON01,NWJ20,DP20260614TO20260621,DSCF0013,6/14/2026,17:48,Green Acouchi,Myoprocta pratti,1,Connor Munro,FALSE,
MON01,NWJ20,DP20260614TO20260621,DSCF0014,6/14/2026,17:48,Green Acouchi,Myoprocta pratti,1,Connor Munro,FALSE,
MON01,NWJ20,DP20260614TO20260621,DSCF0015,6/14/2026,17:49,Green Acouchi,Myoprocta pratti,1,Connor Munro,FALSE,
MON01,NWJ20,DP20260614TO20260621,DSCF0016,6/14/2026,17:51,Green Acouchi,Myoprocta pratti,2,Connor Munro,FALSE,
MON01,NWJ20,DP20260614TO20260621,DSCF0017,6/15/2026,1:00,Mouse,N/A,1,Connor Munro,TRUE,
MON01,NWJ20,DP20260614TO20260621,DSCF0019,6/15/2026,17:32,Pale-winged Trumpeter,Psophia Leucoptera,1,Connor Munro,FALSE,
MON01,NWJ20,DP20260614TO20260621,DSCF0020,6/15/2026,17:32,Pale-winged Trumpeter,Psophia Leucoptera,1,Connor Munro,FALSE,
MON01,NWJ20,DP20260614TO20260621,DSCF0021,6/15/2026,17:33,Pale-winged Trumpeter,Psophia Leucoptera,1,Connor Munro,FALSE,
MON01,NWJ20,DP20260614TO20260621,DSCF0022,6/16/2026,6:03,Pale-winged Trumpeter,Psophia Leucoptera,1,Connor Munro,FALSE,
MON01,NWJ20,DP20260614TO20260621,DSCF0023,6/16/2026,6:04,Pale-winged Trumpeter,Psophia Leucoptera,1,Connor Munro,FALSE,
MON01,NWJ20,DP20260614TO20260621,DSCF0024,6/16/2026,6:05,Pale-winged Trumpeter,Psophia Leucoptera,2,Connor Munro,FALSE,
MON01,NWJ20,DP20260614TO20260621,DSCF0025,6/16/2026,6:05,Pale-winged Trumpeter,Psophia Leucoptera,3,Connor Munro,FALSE,
MON01,NWJ20,DP20260614TO20260621,DSCF0026,6/16/2026,6:06,Pale-winged Trumpeter,Psophia Leucoptera,2,Connor Munro,FALSE,
MON01,NWJ20,DP20260614TO20260621,DSCF0027,6/16/2026,7:46,Pale-winged Trumpeter,Psophia Leucoptera,3,Connor Munro,FALSE,
MON01,NWJ20,DP20260614TO20260621,DSCF0028,6/16/2026,7:46,Pale-winged Trumpeter,Psophia Leucoptera,3,Connor Munro,FALSE,
MON01,NWJ20,DP20260614TO20260621,DSCF0029,6/16/2026,7:47,Pale-winged Trumpeter,Psophia Leucoptera,2,Connor Munro,FALSE,
MON01,NWJ20,DP20260614TO20260621,DSCF0030,6/16/2026,7:47,Pale-winged Trumpeter,Psophia Leucoptera,1,Connor Munro,FALSE,
MON01,NWJ20,DP20260614TO20260621,DSCF0034,6/16/2026,18:10,Green Acouchi,Myoprocta pratti,2,Connor Munro,FALSE,
MON01,NWJ20,DP20260614TO20260621,DSCF0035,6/16/2026,18:10,Green Acouchi,Myoprocta pratti,2,Connor Munro,FALSE,
MON01,NWJ20,DP20260614TO20260621,DSCF0036,6/16/2026,18:10,Green Acouchi,Myoprocta pratti,2,Connor Munro,FALSE,
MON01,NWJ20,DP20260614TO20260621,DSCF0037,6/16/2026,18:10,Green Acouchi,Myoprocta pratti,2,Connor Munro,FALSE,
MON01,NWJ20,DP20260614TO20260621,DSCF0038,6/16/2026,18:11,Green Acouchi,Myoprocta pratti,1,Connor Munro,FALSE,
MON01,NWJ20,DP20260614TO20260621,DSCF0040,6/16/2026,18:12,Green Acouchi,Myoprocta pratti,1,Connor Munro,FALSE,
MON01,NWJ20,DP20260614TO20260621,DSCF0041,6/16/2026,18:14,Green Acouchi,Myoprocta pratti,1,Connor Munro,FALSE,
MON01,NWJ20,DP20260614TO20260621,DSCF0042,6/17/2026,9:54,Northern Amazon Red Squirrel,Hadrosciurus igniventris,1,Connor Munro,FALSE,
MON01,NWJ20,DP20260614TO20260621,DSCF0043,6/17/2026,9:55,Northern Amazon Red Squirrel,Hadrosciurus igniventris,1,Connor Munro,FALSE,
MON01,NWJ20,DP20260614TO20260621,DSCF0044,6/17/2026,9:55,Northern Amazon Red Squirrel,Hadrosciurus igniventris,1,Connor Munro,FALSE,
MON01,NWJ20,DP20260614TO20260621,DSCF0045,6/17/2026,9:56,Northern Amazon Red Squirrel,Hadrosciurus igniventris,1,Connor Munro,FALSE,
MON01,NWJ20,DP20260614TO20260621,DSCF0046,6/17/2026,9:56,Northern Amazon Red Squirrel,Hadrosciurus igniventris,1,Connor Munro,FALSE,
MON01,NWJ20,DP20260614TO20260621,DSCF0047,6/17/2026,9:56,Northern Amazon Red Squirrel,Hadrosciurus igniventris,1,Connor Munro,FALSE,
MON01,NWJ20,DP20260614TO20260621,DSCF0048,6/17/2026,9:57,Northern Amazon Red Squirrel,Hadrosciurus igniventris,1,Connor Munro,FALSE,
MON01,NWJ20,DP20260614TO20260621,DSCF0049,6/17/2026,9:57,Northern Amazon Red Squirrel,Hadrosciurus igniventris,1,Connor Munro,FALSE,
MON01,NWJ20,DP20260614TO20260621,DSCF0050,6/17/2026,9:57,Northern Amazon Red Squirrel,Hadrosciurus igniventris,1,Connor Munro,FALSE,
MON01,NWJ20,DP20260614TO20260621,DSCF0051,6/17/2026,9:58,Pale-winged Trumpeter,Psophia Leucoptera,4,Connor Munro,FALSE,
MON01,NWJ20,DP20260614TO20260621,DSCF0052,6/17/2026,9:58,Pale-winged Trumpeter,Psophia Leucoptera,4,Connor Munro,FALSE,
MON01,NWJ20,DP20260614TO20260621,DSCF0053,6/17/2026,9:59,Pale-winged Trumpeter,Psophia Leucoptera,4,Connor Munro,FALSE,
MON01,NWJ20,DP20260614TO20260621,DSCF0054,6/17/2026,9:59,Pale-winged Trumpeter,Psophia Leucoptera,1,Connor Munro,FALSE,
MON01,NWJ20,DP20260614TO20260621,DSCF0055,6/17/2026,9:59,Pale-winged Trumpeter,Psophia Leucoptera,1,Connor Munro,FALSE,
MON01,NWJ20,DP20260614TO20260621,DSCF0056,6/17/2026,10:00,Pale-winged Trumpeter,Psophia Leucoptera,1,Connor Munro,FALSE,
MON01,NWJ20,DP20260614TO20260621,DSCF0057,6/17/2026,10:00,Pale-winged Trumpeter,Psophia Leucoptera,1,Connor Munro,FALSE,
MON01,NWJ20,DP20260614TO20260621,DSCF0058,6/17/2026,10:01,Pale-winged Trumpeter,Psophia Leucoptera,1,Connor Munro,FALSE,
MON01,NWJ20,DP20260614TO20260621,DSCF0059,6/17/2026,10:01,Pale-winged Trumpeter,Psophia Leucoptera,1,Connor Munro,FALSE,
MON01,NWJ20,DP20260614TO20260621,DSCF0062,6/17/2026,15:42,Green Acouchi,Myoprocta pratti,1,Connor Munro,FALSE,
MON01,NWJ20,DP20260614TO20260621,DSCF0063,6/17/2026,15:42,Green Acouchi,Myoprocta pratti,1,Connor Munro,FALSE,
MON01,NWJ20,DP20260614TO20260621,DSCF0064,6/17/2026,15:42,Green Acouchi,Myoprocta pratti,1,Connor Munro,FALSE,
MON01,NWJ20,DP20260614TO20260621,DSCF0065,6/17/2026,15:43,Green Acouchi,Myoprocta pratti,1,Connor Munro,FALSE,
MON01,NWJ20,DP20260614TO20260621,DSCF0069,6/18/2026,3:20,Mouse,N/A,1,Connor Munro,TRUE,
MON01,NWJ20,DP20260614TO20260621,DSCF0070,6/18/2026,6:33,Green Acouchi,Myoprocta pratti,1,Connor Munro,FALSE,
MON01,NWJ20,DP20260614TO20260621,DSCF0071,6/18/2026,6:45,Green Acouchi,Myoprocta pratti,1,Connor Munro,FALSE,
MON01,NWJ20,DP20260614TO20260621,DSCF0072,6/18/2026,6:46,Green Acouchi,Myoprocta pratti,1,Connor Munro,FALSE,
MON01,NWJ20,DP20260614TO20260621,DSCF0073,6/18/2026,6:48,Green Acouchi,Myoprocta pratti,1,Connor Munro,FALSE,
MON01,NWJ20,DP20260614TO20260621,DSCF0074,6/18/2026,6:49,Green Acouchi,Myoprocta pratti,1,Connor Munro,FALSE,
MON01,NWJ20,DP20260614TO20260621,DSCF0077,6/18/2026,6:50,Green Acouchi,Myoprocta pratti,1,Connor Munro,FALSE,
MON01,NWJ20,DP20260614TO20260621,DSCF0078,6/18/2026,6:51,Green Acouchi,Myoprocta pratti,1,Connor Munro,FALSE,
MON01,NWJ20,DP20260614TO20260621,DSCF0079,6/18/2026,6:51,Green Acouchi,Myoprocta pratti,1,Connor Munro,FALSE,
MON01,NWJ20,DP20260614TO20260621,DSCF0085,6/18/2026,9:20,Pale-winged Trumpeter,Psophia Leucoptera,3,Connor Munro,FALSE,
MON01,NWJ20,DP20260614TO20260621,DSCF0086,6/18/2026,9:22,Pale-winged Trumpeter,Psophia Leucoptera,1,Connor Munro,FALSE,
MON01,NWJ20,DP20260614TO20260621,DSCF0087,6/18/2026,9:22,Pale-winged Trumpeter,Psophia Leucoptera,1,Connor Munro,FALSE,
MON01,NWJ20,DP20260614TO20260621,DSCF0088,6/18/2026,17:17,Green Acouchi,Myoprocta pratti,1,Connor Munro,FALSE,
MON01,NWJ20,DP20260614TO20260621,DSCF0089,6/18/2026,17:19,Green Acouchi,Myoprocta pratti,1,Connor Munro,FALSE,
MON01,NWJ20,DP20260614TO20260621,DSCF0090,6/18/2026,17:27,Green Acouchi,Myoprocta pratti,1,Connor Munro,FALSE,
MON01,NWJ20,DP20260614TO20260621,DSCF0091,6/18/2026,17:27,Green Acouchi,Myoprocta pratti,1,Connor Munro,FALSE,
MON01,NWJ20,DP20260614TO20260621,DSCF0092,6/18/2026,17:27,Green Acouchi,Myoprocta pratti,1,Connor Munro,FALSE,
MON01,NWJ20,DP20260614TO20260621,DSCF0093,6/18/2026,17:30,Green Acouchi,Myoprocta pratti,1,Connor Munro,FALSE,
MON01,NWJ20,DP20260614TO20260621,DSCF0094,6/18/2026,17:30,Green Acouchi,Myoprocta pratti,1,Connor Munro,FALSE,
MON01,NWJ20,DP20260614TO20260621,DSCF0095,6/18/2026,17:30,Green Acouchi,Myoprocta pratti,1,Connor Munro,FALSE,
MON01,NWJ20,DP20260614TO20260621,DSCF0096,6/18/2026,17:32,Green Acouchi,Myoprocta pratti,1,Connor Munro,FALSE,
MON01,NWJ20,DP20260614TO20260621,DSCF0097,6/18/2026,17:32,Green Acouchi,Myoprocta pratti,1,Connor Munro,FALSE,
MON01,NWJ20,DP20260614TO20260621,DSCF0098,6/18/2026,18:00,Green Acouchi,Myoprocta pratti,1,Connor Munro,FALSE,
MON01,NWJ20,DP20260614TO20260621,DSCF0099,6/18/2026,18:01,Green Acouchi,Myoprocta pratti,1,Connor Munro,FALSE,
MON01,NWJ20,DP20260614TO20260621,DSCF0100,6/18/2026,18:03,Green Acouchi,Myoprocta pratti,1,Connor Munro,FALSE,
MON01,NWJ20,DP20260614TO20260621,DSCF0101,6/19/2026,2:09,Mouse,N/A,1,Connor Munro,TRUE,
MON01,NWJ20,DP20260614TO20260621,DSCF0103,6/19/2026,15:57,Green Acouchi,Myoprocta pratti,1,Connor Munro,FALSE,
MON01,NWJ20,DP20260614TO20260621,DSCF0104,6/19/2026,15:58,Green Acouchi,Myoprocta pratti,1,Connor Munro,FALSE,
MON01,NWJ20,DP20260614TO20260621,DSCF0105,6/19/2026,15:58,Green Acouchi,Myoprocta pratti,1,Connor Munro,FALSE,
MON01,NWJ20,DP20260614TO20260621,DSCF0106,6/19/2026,17:47,Green Acouchi,Myoprocta pratti,1,Connor Munro,FALSE,
MON01,NWJ20,DP20260614TO20260621,DSCF0107,6/19/2026,17:48,Green Acouchi,Myoprocta pratti,1,Connor Munro,FALSE,
MON01,NWJ20,DP20260614TO20260621,DSCF0108,6/19/2026,17:49,Green Acouchi,Myoprocta pratti,1,Connor Munro,FALSE,
MON01,NWJ20,DP20260614TO20260621,DSCF0109,6/19/2026,17:49,Green Acouchi,Myoprocta pratti,1,Connor Munro,FALSE,
MON01,NWJ20,DP20260614TO20260621,DSCF0110,6/19/2026,17:49,Green Acouchi,Myoprocta pratti,1,Connor Munro,FALSE,
MON01,NWJ20,DP20260614TO20260621,DSCF0111,6/19/2026,17:51,Green Acouchi,Myoprocta pratti,1,Connor Munro,FALSE,
MON01,NWJ20,DP20260614TO20260621,DSCF0112,6/19/2026,17:51,Green Acouchi,Myoprocta pratti,2,Connor Munro,FALSE,
MON01,NWJ20,DP20260614TO20260621,DSCF0113,6/19/2026,17:52,Green Acouchi,Myoprocta pratti,2,Connor Munro,FALSE,
MON01,NWJ20,DP20260614TO20260621,DSCF0114,6/20/2026,1:26,Mouse,N/A,1,Connor Munro,FALSE,
MON01,NWJ20,DP20260614TO20260621,DSCF0115,6/20/2026,4:05,Ocelot,Leopardus pardalis,1,Connor Munro,FALSE,
MON01,NWJ20,DP20260614TO20260621,DSCF0116,6/20/2026,7:01,Green Acouchi,Myoprocta pratti,1,Connor Munro,FALSE,
MON01,NWJ20,DP20260614TO20260621,DSCF0117,6/20/2026,7:02,Green Acouchi,Myoprocta pratti,1,Connor Munro,FALSE,
MON01,NWJ20,DP20260614TO20260621,DSCF0118,6/20/2026,7:03,Green Acouchi,Myoprocta pratti,1,Connor Munro,FALSE,
MON01,NWJ20,DP20260614TO20260621,DSCF0119,6/20/2026,7:07,Green Acouchi,Myoprocta pratti,1,Connor Munro,FALSE,
MON01,NWJ20,DP20260614TO20260621,DSCF0120,6/20/2026,7:10,Green Acouchi,Myoprocta pratti,1,Connor Munro,FALSE,
MON01,NWJ20,DP20260614TO20260621,DSCF0122,6/20/2026,13:34,Pale-winged Trumpeter,Psophia Leucoptera,1,Connor Munro,FALSE,
MON01,NWJ20,DP20260614TO20260621,DSCF0123,6/20/2026,13:34,Pale-winged Trumpeter,Psophia Leucoptera,4,Connor Munro,FALSE,
MON01,NWJ20,DP20260614TO20260621,DSCF0124,6/20/2026,13:36,Pale-winged Trumpeter,Psophia Leucoptera,1,Connor Munro,FALSE,
MON01,NWJ20,DP20260614TO20260621,DSCF0125,6/20/2026,13:37,Pale-winged Trumpeter,Psophia Leucoptera,2,Connor Munro,FALSE,
MON01,NWJ20,DP20260614TO20260621,DSCF0126,6/20/2026,13:38,Pale-winged Trumpeter,Psophia Leucoptera,1,Connor Munro,FALSE,
MON01,NWJ20,DP20260614TO20260621,DSCF0127,6/20/2026,16:05,Pale-winged Trumpeter,Psophia Leucoptera,2,Connor Munro,FALSE,
MON01,NWJ20,DP20260614TO20260621,DSCF0128,6/20/2026,16:56,Pale-winged Trumpeter,Psophia Leucoptera,1,Connor Munro,FALSE,
MON01,NWJ20,DP20260614TO20260621,DSCF0129,6/20/2026,17:21,Pale-winged Trumpeter,Psophia Leucoptera,1,Connor Munro,FALSE,
MON01,NWJ20,DP20260614TO20260621,DSCF0130,6/20/2026,17:22,Pale-winged Trumpeter,Psophia Leucoptera,1,Connor Munro,FALSE,
MON01,NWJ20,DP20260614TO20260621,DSCF0131,6/20/2026,17:42,Pale-winged Trumpeter,Psophia Leucoptera,1,Connor Munro,FALSE,
MON01,NWJ20,DP20260614TO20260621,DSCF0133,6/20/2026,18:03,Green Acouchi,Myoprocta pratti,1,Connor Munro,FALSE,
MON01,NWJ20,DP20260614TO20260621,DSCF0135,6/20/2026,18:06,Green Acouchi,Myoprocta pratti,1,Connor Munro,FALSE,
MON01,NWJ20,DP20260614TO20260621,DSCF0136,6/20/2026,18:06,Pale-winged Trumpeter,Psophia Leucoptera,1,Connor Munro,FALSE,
MON01,NWJ20,DP20260614TO20260621,DSCF0138,6/20/2026,18:11,Pale-winged Trumpeter,Psophia Leucoptera,1,Connor Munro,FALSE,
MON01,NWJ20,DP20260614TO20260621,DSCF0139,6/20/2026,18:15,Green Acouchi,Myoprocta pratti,1,Connor Munro,FALSE,
MON01,NWJ20,DP20260614TO20260621,DSCF0140,6/21/2026,6:02,Pale-winged Trumpeter,Psophia Leucoptera,3,Connor Munro,FALSE,
MON01,NWJ20,DP20260614TO20260621,DSCF0141,6/21/2026,6:02,Pale-winged Trumpeter,Psophia Leucoptera,2,Connor Munro,FALSE,
MON02,NWJ01,DP20260614TO20260621,DSCF0006,6/15/2026,8:01,Black Agouti,Dasyprocta fuliginosa,1,Connor Munro,FALSE,
MON02,NWJ01,DP20260614TO20260621,DSCF0007,6/16/2026,0:13,Common Black-eared Opossum,Didelphis marsupialis,1,Connor Munro,FALSE,
MON02,NWJ01,DP20260614TO20260621,DSCF0008,6/16/2026,1:04,Mouse,N/A,1,Connor Munro,TRUE,
MON02,NWJ01,DP20260614TO20260621,DSCF0010,6/16/2026,16:55,Black Agouti,Dasyprocta fuliginosa,1,Connor Munro,FALSE,
MON02,NWJ01,DP20260614TO20260621,DSCF0011,6/17/2026,17:27,Black Agouti,Dasyprocta fuliginosa,1,Connor Munro,FALSE,
MON02,NWJ01,DP20260614TO20260621,DSCF0012,6/18/2026,0:37,Common Black-eared Opossum,Didelphis marsupialis,1,Connor Munro,FALSE,
MON02,NWJ01,DP20260614TO20260621,DSCF0013,6/18/2026,11:27,Tayra,Eira Barbara,1,Connor Munro,FALSE,
MON02,NWJ01,DP20260614TO20260621,DSCF0014,6/18/2026,16:28,Green Acouchi,Myoprocta pratti,1,Connor Munro,FALSE,
MON02,NWJ01,DP20260614TO20260621,DSCF0015,6/19/2026,0:06,Mouse,N/A,1,Connor Munro,TRUE,
MON02,NWJ01,DP20260614TO20260621,DSCF0016,6/19/2026,0:47,Mouse,N/A,1,Connor Munro,TRUE,
MON02,NWJ01,DP20260614TO20260621,DSCF0017,6/19/2026,0:51,Mouse,N/A,1,Connor Munro,TRUE,
MON02,NWJ01,DP20260614TO20260621,DSCF0019,6/20/2026,6:33,Little Tinamou,Crypturellus soui,1,Connor Munro,TRUE,not 100% sure
MON02,NWJ01,DP20260614TO20260621,DSCF0020,6/20/2026,6:38,Little Tinamou,Crypturellus soui,1,Connor Munro,TRUE,^
MON02,NWJ01,DP20260614TO20260621,DSCF0021,6/20/2026,6:38,Little Tinamou,Crypturellus soui,1,Connor Munro,TRUE,^
MON02,NWJ01,DP20260614TO20260621,DSCF0022,6/20/2026,22:30,Mouse,N/A,1,Connor Munro,TRUE,
MON02,NWJ01,DP20260614TO20260621,DSCF0023,6/20/2026,23:19,Black Agouti,Dasyprocta fuliginosa,1,Connor Munro,TRUE,not 100% sure
MON02,NWJ01,DP20260614TO20260621,DSCF0024,6/20/2026,6:17,Black Agouti,Dasyprocta fuliginosa,1,Connor Munro,FALSE,
MON03,NWJ15,DP20260614TO20260621,DSCF0006,6/14/2026,18:59,Common Black-eared Opossum,Didelphis marsupialis,1,Connor Munro,FALSE,
MON03,NWJ15,DP20260614TO20260621,DSCF0007,6/16/2026,7:27,South American Coati,Nasua Nasua,1,Connor Munro,FALSE,
MON03,NWJ15,DP20260614TO20260621,DSCF0008,6/16/2026,17:48,Green Acouchi,Myoprocta pratti,1,Connor Munro,FALSE,
MON03,NWJ15,DP20260614TO20260621,DSCF0009,6/16/2026,20:11,Mouse,N/A,1,Connor Munro,TRUE,
MON03,NWJ15,DP20260614TO20260621,DSCF0010,6/16/2026,21:18,Mouse,N/A,1,Connor Munro,TRUE,
MON03,NWJ15,DP20260614TO20260621,DSCF0011,6/17/2026,8:22,Green Acouchi,Myoprocta pratti,1,Connor Munro,FALSE,
MON03,NWJ15,DP20260614TO20260621,DSCF0012,6/17/2026,14:58,Pale-winged Trumpeter,Psophia Leucoptera,1,Connor Munro,FALSE,
MON03,NWJ15,DP20260614TO20260621,DSCF0014,6/18/2026,22:18,Common Black-eared Opossum,Didelphis marsupialis,1,Connor Munro,FALSE,
MON03,NWJ15,DP20260614TO20260621,DSCF0015,6/18/2026,22:18,Common Black-eared Opossum,Didelphis marsupialis,1,Connor Munro,FALSE,
MON03,NWJ15,DP20260614TO20260621,DSCF0016,6/18/2026,23:40,Lowland Paca,Cuniculus paca,1,Connor Munro,FALSE,
MON03,NWJ15,DP20260614TO20260621,DSCF0017,6/19/2026,10:18,Northern Amazon Red Squirrel,Hadrosciurus igniventris,1,Connor Munro,FALSE,
MON03,NWJ15,DP20260614TO20260621,DSCF0018,6/19/2026,10:18,Northern Amazon Red Squirrel,Hadrosciurus igniventris,1,Connor Munro,FALSE,
MON03,NWJ15,DP20260614TO20260621,DSCF0019,6/19/2026,11:58,American Red Brocket,Mazama americana,1,Connor Munro,FALSE,
MON03,NWJ15,DP20260614TO20260621,DSCF0021,6/20/2026,3:01,Lowland Paca,Cuniculus paca,1,Connor Munro,FALSE,
MON03,NWJ15,DP20260614TO20260621,DSCF0022,6/20/2026,3:15,Nine-banded armadillo,Dasypus Novemcinctus,1,Connor Munro,FALSE,
MON03,NWJ15,DP20260614TO20260621,DSCF0023,6/20/2026,22:53,Mouse,N/A,1,Connor Munro,TRUE,
MON03,NWJ15,DP20260614TO20260621,DSCF0024,6/21/2026,6:20,Pale-winged Trumpeter,Psophia Leucoptera,2,Connor Munro,TRUE,not 100% sure
MON04,NWJ11,DP20260614TO20260621,DSCF0003,6/15/2026,6:06,Green Acouchi,Myoprocta pratti,1,Nico Jaworski,FALSE,
MON04,NWJ11,DP20260614TO20260621,DSCF0004,6/15/2026,6:07,Green Acouchi,Myoprocta pratti,1,Nico Jaworski,FALSE,
MON04,NWJ11,DP20260614TO20260621,DSCF0005,6/15/2026,13:50,Great Tinamou,Tinamus major,1,Nico Jaworski,FALSE,
MON04,NWJ11,DP20260614TO20260621,DSCF0006,6/15/2026,17:49,Nocturnal Currassow,Nothocrax urumutum,1,Nico Jaworski,FALSE,
MON04,NWJ11,DP20260614TO20260621,DSCF0007,6/15/2026,17:49,Nocturnal Currassow,Nothocrax urumutum,1,Nico Jaworski,FALSE,
MON04,NWJ11,DP20260614TO20260621,DSCF0008,6/15/2026,17:49,Nocturnal Currassow,Nothocrax urumutum,1,Nico Jaworski,FALSE,
MON04,NWJ11,DP20260614TO20260621,DSCF0009,6/15/2026,17:53,Nocturnal Currassow,Nothocrax urumutum,2,Nico Jaworski,FALSE,
MON04,NWJ11,DP20260614TO20260621,DSCF0011,6/17/2026,6:07,Green Acouchi,Myoprocta pratti,1,Nico Jaworski,FALSE,
MON04,NWJ11,DP20260614TO20260621,DSCF0012,6/17/2026,18:00,Green Acouchi,Myoprocta pratti,1,Nico Jaworski,FALSE,
MON04,NWJ11,DP20260614TO20260621,DSCF0013,6/19/2026,17:51,Green Acouchi,Myoprocta pratti,1,Nico Jaworski,TRUE,
MON04,NWJ11,DP20260614TO20260621,DSCF0014,6/20/2026,17:45,Nocturnal Currassow,Nothocrax urumutum,1,Nico Jaworski,FALSE,
MON04,NWJ11,DP20260614TO20260621,DSCF0015,6/20/2026,17:45,Nocturnal Currassow,Nothocrax urumutum,2,Nico Jaworski,FALSE,
MON04,NWJ11,DP20260614TO20260621,DSCF0016,6/20/2026,17:46,Nocturnal Currassow,Nothocrax urumutum,2,Nico Jaworski,FALSE,
MON04,NWJ11,DP20260614TO20260621,DSCF0017,6/20/2026,17:47,Nocturnal Currassow,Nothocrax urumutum,1,Nico Jaworski,FALSE,
MON04,NWJ11,DP20260614TO20260621,DSCF0018,6/21/2026,4:46,Mouse,N/A,1,Nico Jaworski,FALSE,
MON05,NWJ13,DP20260614TO20260621,DSCF0004,6/15/2026,15:51,Green Acouchi,Myoprocta pratti,1,Nico Jaworski,FALSE,
MON05,NWJ13,DP20260614TO20260621,DSCF0005,6/16/2026,2:31,Mouse,N/A,1,Nico Jaworski,FALSE,
MON05,NWJ13,DP20260614TO20260621,DSCF0007,6/16/2026,9:15,Black Agouti,Dasyprocta fuliginosa,1,Nico Jaworski,FALSE,
MON05,NWJ13,DP20260614TO20260621,DSCF0008,6/16/2026,16:03,Yellow-FootedTortoise,Chelonoidis denticulatus,1,Nico Jaworski,TRUE,
MON05,NWJ13,DP20260614TO20260621,DSCF0009,6/17/2026,18:10,Great Tinamou,Tinamus major,1,Nico Jaworski,TRUE,
MON05,NWJ13,DP20260614TO20260621,DSCF0010,6/17/2026,18:10,Great Tinamou,Tinamus major,1,Nico Jaworski,TRUE,
MON05,NWJ13,DP20260614TO20260621,DSCF0014,6/18/2026,16:54,Great Tinamou,Tinamus major,1,Nico Jaworski,FALSE,Individual BARELY in the right side of the frame
MON05,NWJ13,DP20260614TO20260621,DSCF0015,6/18/2026,16:54,Great Tinamou,Tinamus major,1,Nico Jaworski,FALSE,
MON05,NWJ13,DP20260614TO20260621,DSCF0016,6/18/2026,16:54,Great Tinamou,Tinamus major,1,Nico Jaworski,FALSE,
MON05,NWJ13,DP20260614TO20260621,DSCF0017,6/18/2026,16:55,Great Tinamou,Tinamus major,1,Nico Jaworski,FALSE,
MON05,NWJ13,DP20260614TO20260621,DSCF0018,6/21/2026,5:59,Black Agouti,Dasyprocta fuliginosa,1,Nico Jaworski,FALSE,
MON06,NWJ08,DP20260614TO20260621,DSCF0006,6/14/2026,21:00,Southern Tamandua,Tamandua tetradactyla,1,Connor Munro,FALSE,
MON06,NWJ08,DP20260614TO20260621,DSCF0007,6/14/2026,21:00,Southern Tamandua,Tamandua tetradactyla,1,Connor Munro,FALSE,
MON06,NWJ08,DP20260614TO20260621,DSCF0008,6/14/2026,21:19,Southern Tamandua,Tamandua tetradactyla,1,Connor Munro,TRUE,Probably tamandua but not 100% sure
MON06,NWJ08,DP20260614TO20260621,DSCF0014,6/17/2026,9:10,Black Agouti,Dasyprocta fuliginosa,1,Connor Munro,FALSE,
MON06,NWJ08,DP20260614TO20260621,DSCF0015,6/17/2026,23:53,Tapir,Tapirus terrestris,1,Connor Munro,FALSE,
MON06,NWJ08,DP20260614TO20260621,DSCF0017,6/18/2026,15:54,Black Agouti,Dasyprocta fuliginosa,1,Connor Munro,FALSE,
MON06,NWJ08,DP20260614TO20260621,DSCF0018,6/19/2026,0:45,Southern Tamandua,Tamandua tetradactyla,1,Connor Munro,FALSE,
MON06,NWJ08,DP20260614TO20260621,DSCF0019,6/19/2026,2:15,Ocelot,Lepardus paradalis,1,Connor Munro,FALSE,
MON06,NWJ08,DP20260614TO20260621,DSCF0020,6/19/2026,2:15,Ocelot,Lepardus paradalis,1,Connor Munro,FALSE,
MON06,NWJ08,DP20260614TO20260621,DSCF0021,6/19/2026,2:18,Ocelot,Lepardus paradalis,1,Connor Munro,FALSE,
MON06,NWJ08,DP20260614TO20260621,DSCF0023,6/19/2026,4:57,Ocelot,Lepardus paradalis,1,Connor Munro,FALSE,
MON06,NWJ08,DP20260614TO20260621,DSCF0024,6/19/2026,4:57,Ocelot,Lepardus paradalis,1,Connor Munro,FALSE,
MON06,NWJ08,DP20260614TO20260621,DSCF0025,6/19/2026,4:58,Ocelot,Lepardus paradalis,1,Connor Munro,FALSE,
MON06,NWJ08,DP20260614TO20260621,DSCF0026,6/19/2026,10:28,Murella Brown Brocket,Mazama nemorivaga,1,Connor Munro,FALSE,
MON06,NWJ08,DP20260614TO20260621,DSCF0030,6/19/2026,15:46,Grey-Winged Trumpeter,Psophia crepitans,1,Connor Munro,FALSE,
MON06,NWJ08,DP20260614TO20260621,DSCF0031,6/19/2026,15:46,Grey-Winged Trumpeter,Psophia crepitans,1,Connor Munro,FALSE,
MON06,NWJ08,DP20260614TO20260621,DSCF0033,6/21/2026,1:52,Mouse,N/A,1,Connor Munro,FALSE,
MON07,NWJ16,DP20260614TO20260621,DSCF0022,6/14/2026,17:18,Great Tinamou,Tinamus major,1,Nico Jaworski,FALSE,
MON07,NWJ16,DP20260614TO20260621,DSCF0024,6/14/2026,22:14,Mouse,N/A,1,Nico Jaworski,FALSE,
MON07,NWJ16,DP20260614TO20260621,DSCF0025,6/15/2026,0:35,Mouse,N/A,1,Nico Jaworski,FALSE,
MON07,NWJ16,DP20260614TO20260621,DSCF0026,6/16/2026,0:29,Common Black-eared Opossum,Didelphis marsupialis,1,Nico Jaworski,FALSE,
MON07,NWJ16,DP20260614TO20260621,DSCF0027,6/16/2026,0:29,Common Black-eared Opossum,Didelphis marsupialis,1,Nico Jaworski,FALSE,
MON07,NWJ16,DP20260614TO20260621,DSCF0029,6/16/2026,4:57,Mouse,N/A,2,Nico Jaworski,FALSE,
MON07,NWJ16,DP20260614TO20260621,DSCF0030,6/16/2026,7:41,American Red Brocket,Mazama american,1,Nico Jaworski,FALSE,
MON07,NWJ16,DP20260614TO20260621,DSCF0031,6/16/2026,10:26,Green Acouchi,Myoprocta pratti,1,Nico Jaworski,FALSE,
MON07,NWJ16,DP20260614TO20260621,DSCF0032,6/17/2026,14:41,Lizard,N/A,1,Nico Jaworski,FALSE,
MON07,NWJ16,DP20260614TO20260621,DSCF0034,6/17/2026,21:03,Black Agouti,Dasyprocta fuliginosa,1,Nico Jaworski,TRUE,
MON07,NWJ16,DP20260614TO20260621,DSCF0035,6/17/2026,23:19,Tapir,Tapirus terrestris,1,Nico Jaworski,FALSE,
MON07,NWJ16,DP20260614TO20260621,DSCF0036,6/17/2026,23:19,Tapir,Tapirus terrestris,1,Nico Jaworski,FALSE,
MON07,NWJ16,DP20260614TO20260621,DSCF0037,6/17/2026,23:19,Tapir,Tapirus terrestris,1,Nico Jaworski,FALSE,
MON07,NWJ16,DP20260614TO20260621,DSCF0038,6/17/2026,23:40,Tapir,Tapirus terrestris,1,Nico Jaworski,FALSE,"Different individual from 3 videos before, seems to be following female"
MON07,NWJ16,DP20260614TO20260621,DSCF0039,6/20/2026,20:08,Gray Four-Eyes Opossum,Philander andersoni,1,Nico Jaworski,TRUE,
MON07,NWJ16,DP20260614TO20260621,DSCF0040,6/20/2026,20:09,Gray Four-Eyes Opossum,Philander andersoni,1,Nico Jaworski,FALSE,
MON08,NWJ05,DP20260614TO20260621,DSCF0019,6/16/2026,8:59,Pale-winged Trumpeter,Psophia Leucoptera,2,Nico Jaworski,FALSE,
MON08,NWJ05,DP20260614TO20260621,DSCF0020,6/16/2026,8:59,Pale-winged Trumpeter,Psophia Leucoptera,3,Nico Jaworski,FALSE,
MON08,NWJ05,DP20260614TO20260621,DSCF0021,6/16/2026,8:59,Pale-winged Trumpeter,Psophia Leucoptera,3,Nico Jaworski,FALSE,
MON08,NWJ05,DP20260614TO20260621,DSCF0022,6/16/2026,8:59,Pale-winged Trumpeter,Psophia Leucoptera,3,Nico Jaworski,FALSE,
MON08,NWJ05,DP20260614TO20260621,DSCF0023,6/16/2026,9:00,Pale-winged Trumpeter,Psophia Leucoptera,3,Nico Jaworski,FALSE,
MON08,NWJ05,DP20260614TO20260621,DSCF0024,6/16/2026,9:00,Pale-winged Trumpeter,Psophia Leucoptera,3,Nico Jaworski,FALSE,
MON08,NWJ05,DP20260614TO20260621,DSCF0025,6/16/2026,9:00,Pale-winged Trumpeter,Psophia Leucoptera,3,Nico Jaworski,FALSE,
MON08,NWJ05,DP20260614TO20260621,DSCF0026,6/16/2026,9:00,Pale-winged Trumpeter,Psophia Leucoptera,2,Nico Jaworski,FALSE,
MON08,NWJ05,DP20260614TO20260621,DSCF0029,6/18/2026,19:01,Lowland Paca,Cuniculus paca,1,Nico Jaworski,FALSE,
MON08,NWJ05,DP20260614TO20260621,DSCF0030,6/18/2026,19:02,Lowland Paca,Cuniculus paca,1,Nico Jaworski,FALSE,
MON08,NWJ05,DP20260614TO20260621,DSCF0031,6/18/2026,19:02,Lowland Paca,Cuniculus paca,1,Nico Jaworski,FALSE,
MON08,NWJ05,DP20260614TO20260621,DSCF0032,6/18/2026,23:37,Nine Banded Armadillo,Dasypus novemcinctus,1,Nico Jaworski,FALSE,
MON08,NWJ05,DP20260614TO20260621,DSCF0033,6/18/2026,23:37,Nine Banded Armadillo,Dasypus novemcinctus,1,Nico Jaworski,FALSE,
MON08,NWJ05,DP20260614TO20260621,DSCF0034,6/18/2026,23:38,Nine Banded Armadillo,Dasypus novemcinctus,1,Nico Jaworski,FALSE,
MON08,NWJ05,DP20260614TO20260621,DSCF0036,6/19/2026,23:08,Mouse,N/A,1,Nico Jaworski,FALSE,
MON08,NWJ05,DP20260614TO20260621,DSCF0037,6/20/2026,19:09,Brocket deer,Mazama spp.,1,Nico Jaworski,FALSE,
MON08,NWJ05,DP20260614TO20260621,DSCF0038,6/20/2026,19:09,Brocket deer,Mazama spp.,1,Nico Jaworski,FALSE,
MON08,NWJ05,DP20260614TO20260621,DSCF0039,6/20/2026,19:09,Brocket deer,Mazama spp.,1,Nico Jaworski,FALSE,
MON08,NWJ05,DP20260614TO20260621,DSCF0040,6/20/2026,19:09,Brocket deer,Mazama spp.,1,Nico Jaworski,FALSE,
MON08,NWJ05,DP20260614TO20260621,DSCF0041,6/20/2026,19:09,Brocket deer,Mazama spp.,1,Nico Jaworski,FALSE,
MON08,NWJ05,DP20260614TO20260621,DSCF0042,6/20/2026,19:10,Brocket deer,Mazama spp.,1,Nico Jaworski,FALSE,
MON09,NWJ06,DP20260614TO20260621,DSCF0006,6/16/2026,6:58,Black Agouti,Dasyprocta fuliginosa,1,Nico Jaworski,FALSE,
MON09,NWJ06,DP20260614TO20260621,DSCF0007,6/16/2026,10:12,Pale-winged Trumpeter,Psophia Leucoptera,1,Nico Jaworski,FALSE,
MON10,NWJ12,DP20260614TO20260621,DSCF0001,6/16/2026,22:41,Common Black-eared Opossum,Didelphis marsupialis,1,Nico Jaworski,FALSE,
MON10,NWJ12,DP20260614TO20260621,DSCF0002,6/16/2026,22:49,Mouse,N/A,1,Nico Jaworski,FALSE,
MON10,NWJ12,DP20260614TO20260621,DSCF0003,6/19/2026,3:19,Ocelot,Leopardus pardalis,1,Nico Jaworski,FALSE,
MON10,NWJ12,DP20260614TO20260621,DSCF0004,6/19/2026,3:19,Ocelot,Leopardus pardalis,1,Nico Jaworski,FALSE,
MON10,NWJ12,DP20260614TO20260621,DSCF0005,6/19/2026,15:07,Brocket deer,Mazama spp.,1,Nico Jaworski,FALSE,
MON10,NWJ12,DP20260614TO20260621,DSCF0006,6/20/2026,14:01,Lizard,N/A,1,Nico Jaworski,FALSE,
MON11,NWJ09,DP20260614TO20260621,DSCF0009,6/14/2026,16:47,Black Agouti,Dasyprocta fuliginosa,1,Nico Jaworski,FALSE,
MON11,NWJ09,DP20260614TO20260621,DSCF0010,6/14/2026,16:47,Black Agouti,Dasyprocta fuliginosa,1,Nico Jaworski,FALSE,
MON11,NWJ09,DP20260614TO20260621,DSCF0011,6/14/2026,16:47,Black Agouti,Dasyprocta fuliginosa,1,Nico Jaworski,FALSE,
MON11,NWJ09,DP20260614TO20260621,DSCF0012,6/14/2026,16:49,Black Agouti,Dasyprocta fuliginosa,1,Nico Jaworski,FALSE,
MON11,NWJ09,DP20260614TO20260621,DSCF0013,6/14/2026,17:38,Green Acouchi,Myoprocta pratti,1,Nico Jaworski,FALSE,
MON11,NWJ09,DP20260614TO20260621,DSCF0014,6/15/2026,12:51,Pale-winged Trumpeter,Psophia Leucoptera,1,Nico Jaworski,FALSE,
MON11,NWJ09,DP20260614TO20260621,DSCF0015,6/16/2026,23:58,Mouse,N/A,1,Nico Jaworski,FALSE,
MON11,NWJ09,DP20260614TO20260621,DSCF0016,6/17/2026,21:23,Lowland Paca,Cuniculus paca,1,Nico Jaworski,FALSE,
MON11,NWJ09,DP20260614TO20260621,DSCF0018,6/18/2026,16:32,Black Agouti,Dasyprocta fuliginosa,1,Nico Jaworski,FALSE,
MON11,NWJ09,DP20260614TO20260621,DSCF0019,6/18/2026,16:32,Black Agouti,Dasyprocta fuliginosa,1,Nico Jaworski,FALSE,
MON11,NWJ09,DP20260614TO20260621,DSCF0020,6/18/2026,16:32,Black Agouti,Dasyprocta fuliginosa,1,Nico Jaworski,FALSE,
MON11,NWJ09,DP20260614TO20260621,DSCF0022,6/18/2026,16:34,Black Agouti,Dasyprocta fuliginosa,1,Nico Jaworski,FALSE,
MON11,NWJ09,DP20260614TO20260621,DSCF0023,6/18/2026,16:34,Black Agouti,Dasyprocta fuliginosa,1,Nico Jaworski,FALSE,
MON11,NWJ09,DP20260614TO20260621,DSCF0024,6/18/2026,16:47,Green Acouchi,Myoprocta pratti,1,Nico Jaworski,FALSE,
MON11,NWJ09,DP20260614TO20260621,DSCF0025,6/18/2026,16:47,Green Acouchi,Myoprocta pratti,1,Nico Jaworski,FALSE,
MON11,NWJ09,DP20260614TO20260621,DSCF0026,6/19/2026,12:16,Lizard,N/A,1,Nico Jaworski,FALSE,
MON11,NWJ09,DP20260614TO20260621,DSCF0027,6/19/2026,12:46,Black Agouti,Dasyprocta fuliginosa,1,Nico Jaworski,FALSE,
MON11,NWJ09,DP20260614TO20260621,DSCF0028,6/19/2026,12:46,Black Agouti,Dasyprocta fuliginosa,1,Nico Jaworski,FALSE,
MON11,NWJ09,DP20260614TO20260621,DSCF0030,6/19/2026,12:47,Black Agouti,Dasyprocta fuliginosa,1,Nico Jaworski,FALSE,
MON11,NWJ09,DP20260614TO20260621,DSCF0032,6/20/2026,8:09,American Red Brocket,Mazama americana,1,Nico Jaworski,FALSE,
MON11,NWJ09,DP20260614TO20260621,DSCF0033,6/20/2026,8:10,American Red Brocket,Mazama americana,1,Nico Jaworski,FALSE,
MON11,NWJ09,DP20260614TO20260621,DSCF0034,6/20/2026,22:02,Nine Banded Armadillo,Dasypus novemcinctus,1,Nico Jaworski,FALSE,
MON11,NWJ09,DP20260614TO20260621,DSCF0035,6/21/2026,1:35,Lowland Paca,Cuniculus paca,1,Nico Jaworski,FALSE,
MON11,NWJ09,DP20260614TO20260621,DSCF0036,6/21/2026,1:36,Lowland Paca,Cuniculus paca,1,Nico Jaworski,FALSE,
MON12,NWJ07,DP20260614TO20260621,DSCF0004,6/14/2026,18:27,Mouse,N/A,1,Connor Munro,TRUE,
MON12,NWJ07,DP20260614TO20260621,DSCF0005,6/15/2026,3:41,Mouse,N/A,1,Connor Munro,TRUE,
MON12,NWJ07,DP20260614TO20260621,DSCF0006,6/15/2026,6:38,Pale-winged Trumpeter,Psophia Leucoptera,1,Connor Munro,FALSE,
MON12,NWJ07,DP20260614TO20260621,DSCF0007,6/15/2026,11:36,Pale-winged Trumpeter,Psophia Leucoptera,1,Connor Munro,FALSE,
MON12,NWJ07,DP20260614TO20260621,DSCF0009,6/16/2026,15:55,Black Agouti,Dasyprocta fuliginosa,1,Connor Munro,FALSE,
MON12,NWJ07,DP20260614TO20260621,DSCF0010,6/16/2026,16:23,Bird,N/A,1,Connor Munro,FALSE,
MON12,NWJ07,DP20260614TO20260621,DSCF0011,6/16/2026,16:24,Bird,N/A,1,Connor Munro,FALSE,
MON12,NWJ07,DP20260614TO20260621,DSCF0012,6/18/2026,16:07,Salvin's Currasow,Mitu salvini,3,Connor Munro,FALSE,
MON12,NWJ07,DP20260614TO20260621,DSCF0013,6/18/2026,16:07,Salvin's Currasow,Mitu salvini,2,Connor Munro,FALSE,
MON12,NWJ07,DP20260614TO20260621,DSCF0014,6/18/2026,16:08,Salvin's Currasow,Mitu salvini,2,Connor Munro,FALSE,
MON12,NWJ07,DP20260614TO20260621,DSCF0015,6/18/2026,16:08,Salvin's Currasow,Mitu salvini,1,Connor Munro,FALSE,
MON12,NWJ07,DP20260614TO20260621,DSCF0016,6/18/2026,23:21,Nine-banded armadillo,Dasypus novemcinctus,1,Connor Munro,FALSE,
MON12,NWJ07,DP20260614TO20260621,DSCF0017,6/20/2026,16:02,Bartlett's Tinamou,Crypturellus bartletti,1,Connor Munro,TRUE,
MON12,NWJ07,DP20260614TO20260621,DSCF0018,6/20/2026,16:25,Bartlett's Tinamou,Crypturellus bartletti,1,Connor Munro,TRUE,
MON13,NWJ19,DP20260615TO20260621,DSCF0005,6/15/2026,20:14,Common Black-eared Opossum,Didelphis marsupialis,1,Connor Munro,FALSE,
MON13,NWJ19,DP20260615TO20260621,DSCF0009,6/17/2026,4:52,Mouse,N/A,1,Connor Munro,TRUE,
MON13,NWJ19,DP20260615TO20260621,DSCF0010,6/18/2026,10:35,Northern Amazon Red Squirrel,Hadrosciurus igniventris,1,Connor Munro,FALSE,
MON13,NWJ19,DP20260615TO20260621,DSCF0016,6/18/2026,23:02,Mouse,N/A,1,Connor Munro,TRUE,
MON13,NWJ19,DP20260615TO20260621,DSCF0017,6/19/2026,6:27,Black Agouti,Dasyprocta fuliginosa,1,Connor Munro,FALSE,
MON13,NWJ19,DP20260615TO20260621,DSCF0018,6/19/2026,6:28,Black Agouti,Dasyprocta fuliginosa,1,Connor Munro,FALSE,
MON13,NWJ19,DP20260615TO20260621,DSCF0019,6/19/2026,9:09,Puma,Puma concolor,1,Connor Munro,FALSE,
MON13,NWJ19,DP20260615TO20260621,DSCF0020,6/19/2026,18:08,Black Agouti,Dasyprocta fuliginosa,1,Connor Munro,FALSE,
MON13,NWJ19,DP20260615TO20260621,DSCF0022,6/21/2026,5:59,None,N/A,N/A,Connor Munro,TRUE,couldn't find
MON13,NWJ19,DP20260615TO20260621,DSCF0023,6/21/2026,6:24,Green Acouchi,Myoprocta pratti,1,Connor Munro,FALSE,
MON14,NWJ10,DP20260615TO20260621,DSCF0006,6/15/2026,11:27,Green Acouchi,Myoprocta pratti,1,Connor Munro,FALSE,
MON14,NWJ10,DP20260615TO20260621,DSCF0007,6/15/2026,16:25,Green Acouchi,Myoprocta pratti,1,Connor Munro,FALSE,
MON14,NWJ10,DP20260615TO20260621,DSCF0008,6/15/2026,16:26,Green Acouchi,Myoprocta pratti,1,Connor Munro,FALSE,
MON14,NWJ10,DP20260615TO20260621,DSCF0010,6/16/2026,7:11,Marbled wood quail,Odontophorus gujanensis,3,Connor Munro,FALSE,
MON14,NWJ10,DP20260615TO20260621,DSCF0011,6/16/2026,7:12,Marbled wood quail,Odontophorus gujanensis,4,Connor Munro,FALSE,
MON14,NWJ10,DP20260615TO20260621,DSCF0015,6/16/2026,17:05,Green Acouchi,Myoprocta pratti,1,Connor Munro,FALSE,
MON14,NWJ10,DP20260615TO20260621,DSCF0016,6/16/2026,17:06,Green Acouchi,Myoprocta pratti,1,Connor Munro,FALSE,
MON14,NWJ10,DP20260615TO20260621,DSCF0018,6/16/2026,17:48,Marbled wood quail,Odontophorus gujanensis,1,Connor Munro,TRUE,not 100% sure
MON14,NWJ10,DP20260615TO20260621,DSCF0020,6/17/2026,9:09,Green Acouchi,Myoprocta pratti,1,Connor Munro,FALSE,
MON14,NWJ10,DP20260615TO20260621,DSCF0021,6/17/2026,13:01,Green Acouchi,Myoprocta pratti,1,Connor Munro,FALSE,
MON14,NWJ10,DP20260615TO20260621,DSCF0023,6/17/2026,13:48,Green Acouchi,Myoprocta pratti,1,Connor Munro,FALSE,
MON14,NWJ10,DP20260615TO20260621,DSCF0024,6/17/2026,13:48,Green Acouchi,Myoprocta pratti,1,Connor Munro,FALSE,
MON14,NWJ10,DP20260615TO20260621,DSCF0025,6/17/2026,13:48,Green Acouchi,Myoprocta pratti,2,Connor Munro,FALSE,
MON14,NWJ10,DP20260615TO20260621,DSCF0026,6/17/2026,13:49,Green Acouchi,Myoprocta pratti,2,Connor Munro,FALSE,
MON14,NWJ10,DP20260615TO20260621,DSCF0027,6/17/2026,13:49,Green Acouchi,Myoprocta pratti,2,Connor Munro,FALSE,
MON14,NWJ10,DP20260615TO20260621,DSCF0028,6/17/2026,13:50,Green Acouchi,Myoprocta pratti,1,Connor Munro,FALSE,
MON14,NWJ10,DP20260615TO20260621,DSCF0029,6/17/2026,13:50,Green Acouchi,Myoprocta pratti,2,Connor Munro,FALSE,
MON14,NWJ10,DP20260615TO20260621,DSCF0030,6/17/2026,13:50,Green Acouchi,Myoprocta pratti,1,Connor Munro,FALSE,
MON14,NWJ10,DP20260615TO20260621,DSCF0031,6/17/2026,16:04,Little Tinamou,Crypturellus soui,1,Connor Munro,FALSE,
MON14,NWJ10,DP20260615TO20260621,DSCF0032,6/17/2026,16:04,Little Tinamou,Crypturellus soui,1,Connor Munro,FALSE,
MON14,NWJ10,DP20260615TO20260621,DSCF0033,6/17/2026,17:01,Green Acouchi,Myoprocta pratti,1,Connor Munro,FALSE,
MON14,NWJ10,DP20260615TO20260621,DSCF0034,6/18/2026,16:39,Little Tinamou,Crypturellus soui,1,Connor Munro,TRUE,not 100% sure
MON14,NWJ10,DP20260615TO20260621,DSCF0035,6/18/2026,16:39,Marbled wood quail,Odontophorus gujanensis,1,Connor Munro,TRUE,^
MON14,NWJ10,DP20260615TO20260621,DSCF0038,6/19/2026,2:16,American Red Brocket,Mazama americana,1,Connor Munro,TRUE,^
MON14,NWJ10,DP20260615TO20260621,DSCF0044,6/19/2026,16:30,Green Acouchi,Myoprocta pratti,1,Connor Munro,FALSE,
MON14,NWJ10,DP20260615TO20260621,DSCF0045,6/19/2026,16:30,Green Acouchi,Myoprocta pratti,1,Connor Munro,FALSE,
MON14,NWJ10,DP20260615TO20260621,DSCF0046,6/19/2026,17:50,Green Acouchi,Myoprocta pratti,1,Connor Munro,FALSE,
MON14,NWJ10,DP20260615TO20260621,DSCF0047,6/19/2026,17:50,Green Acouchi,Myoprocta pratti,1,Connor Munro,FALSE,
MON14,NWJ10,DP20260615TO20260621,DSCF0049,6/19/2026,18:06,Green Acouchi,Myoprocta pratti,1,Connor Munro,FALSE,
MON14,NWJ10,DP20260615TO20260621,DSCF0050,6/19/2026,18:06,Green Acouchi,Myoprocta pratti,1,Connor Munro,FALSE,
MON14,NWJ10,DP20260615TO20260621,DSCF0051,6/19/2026,23:42,Lowland Paca,Cuniculus paca,1,Connor Munro,FALSE,
MON14,NWJ10,DP20260615TO20260621,DSCF0053,6/20/2026,13:52,Green Acouchi,Myoprocta pratti,1,Connor Munro,FALSE,
MON14,NWJ10,DP20260615TO20260621,DSCF0055,6/20/2026,17:43,Little Tinamou,Crypturellus soui,1,Connor Munro,TRUE,
MON14,NWJ10,DP20260615TO20260621,DSCF0056,6/20/2026,17:43,Little Tinamou,Crypturellus soui,1,Connor Munro,TRUE,^
MON14,NWJ10,DP20260615TO20260621,DSCF0057,6/21/2026,6:51,Green Acouchi,Myoprocta pratti,1,Connor Munro,FALSE,
MON14,NWJ10,DP20260615TO20260621,DSCF0058,6/21/2026,10:29,Green Acouchi,Myoprocta pratti,1,Connor Munro,FALSE,
MON15,NWJ02,DP20260615TO20260621,DSCF0012,6/19/2026,10:14,Pale-winged Trumpeter,Psophia Leucoptera,1,Connor Munro,FALSE,
MON16,NWJ17,DP20260615TO20260621,DSCF0001,6/15/2026,20:59,Nine-banded armadillo,Dasypus novemcinctus,1,Connor Munro,FALSE,
MON16,NWJ17,DP20260615TO20260621,DSCF0003,6/16/2026,6:03,Puma,Puma concolor,1,Connor Munro,FALSE,
MON16,NWJ17,DP20260615TO20260621,DSCF0006,6/17/2026,8:33,Grey-Winged Trumpeter,Psophia crepitans,2,Connor Munro,FALSE,
MON16,NWJ17,DP20260615TO20260621,DSCF0008,6/18/2026,3:06,Common Black-eared Opossum,Didelphis marsupialis,1,Connor Munro,FALSE,
MON16,NWJ17,DP20260615TO20260621,DSCF0009,6/18/2026,6:47,Green Acouchi,Myoprocta pratti,1,Connor Munro,FALSE,
MON16,NWJ17,DP20260615TO20260621,DSCF0010,6/18/2026,8:13,Green Acouchi,Myoprocta pratti,1,Connor Munro,FALSE,
MON16,NWJ17,DP20260615TO20260621,DSCF0013,6/18/2026,23:19,Common Black-eared Opossum,Didelphis marsupialis,1,Connor Munro,FALSE,
MON16,NWJ17,DP20260615TO20260621,DSCF0014,6/20/2026,0:35,Nine-banded armadillo,Dasypus novemcinctus,1,Connor Munro,FALSE,
MON16,NWJ17,DP20260615TO20260621,DSCF0015,6/20/2026,7:37,Grey-Winged Trumpeter,Psophia crepitans,4,Connor Munro,FALSE,
MON16,NWJ17,DP20260615TO20260621,DSCF0016,6/20/2026,7:38,Grey-Winged Trumpeter,Psophia crepitans,2,Connor Munro,FALSE,
MON17,NWJ18,DP20260615TO20260621,DSCF0006,6/16/2026,7:34,Grey-Winged Trumpeter,Psophia crepitans,3,Connor Munro,FALSE,
MON18,NWJ14,DP20260615TO20260621,DSCF0002,6/17/2026,6:59,Grey-Winged Trumpeter,Psophia crepitans,4,Connor Munro,FALSE,
MON18,NWJ14,DP20260615TO20260621,DSCF0004,6/21/2026,3:08,Mouse,N/A,1,Connor Munro,TRUE,
MON18,NWJ14,DP20260615TO20260621,DSCF0005,6/21/2026,4:02,Mouse,N/A,3,Connor Munro,FALSE,possibly accouchis w/baby
MON19,NWJ04,DP20260615TO20260621,DSCF0005,6/15/2026,21:25,Nine-banded armadillo,Dasypus novemcinctus,1,Connor Munro,FALSE,
MON19,NWJ04,DP20260615TO20260621,DSCF0006,6/16/2026,10:00,Black Agouti,Dasyprocta fuliginosa,1,Connor Munro,FALSE,
MON19,NWJ04,DP20260615TO20260621,DSCF0007,6/16/2026,17:57,Black Agouti,Dasyprocta fuliginosa,1,Connor Munro,FALSE,
MON19,NWJ04,DP20260615TO20260621,DSCF0009,6/17/2026,15:28,Black Agouti,Dasyprocta fuliginosa,1,Connor Munro,FALSE,
MON19,NWJ04,DP20260615TO20260621,DSCF0010,6/17/2026,16:18,Lizard,N/A,1,Connor Munro,TRUE,
MON19,NWJ04,DP20260615TO20260621,DSCF0011,6/17/2026,16:33,Ocelot,Leopardus pardalis,1,Connor Munro,FALSE,
MON19,NWJ04,DP20260615TO20260621,DSCF0012,6/17/2026,16:33,Ocelot,Leopardus pardalis,1,Connor Munro,FALSE,
MON19,NWJ04,DP20260615TO20260621,DSCF0013,6/17/2026,16:33,Ocelot,Leopardus pardalis,1,Connor Munro,FALSE,
MON19,NWJ04,DP20260615TO20260621,DSCF0014,6/18/2026,6:14,Black Agouti,Dasyprocta fuliginosa,1,Connor Munro,FALSE,
MON19,NWJ04,DP20260615TO20260621,DSCF0015,6/19/2026,6:04,Black Agouti,Dasyprocta fuliginosa,1,Connor Munro,FALSE,
MON19,NWJ04,DP20260615TO20260621,DSCF0016,6/19/2026,6:04,Black Agouti,Dasyprocta fuliginosa,1,Connor Munro,FALSE,
MON19,NWJ04,DP20260615TO20260621,DSCF0017,6/20/2026,8:10,Black Agouti,Dasyprocta fuliginosa,1,Connor Munro,FALSE,
MON19,NWJ04,DP20260615TO20260621,DSCF0018,6/20/2026,8:11,Black Agouti,Dasyprocta fuliginosa,1,Connor Munro,FALSE,
MON19,NWJ04,DP20260615TO20260621,DSCF0019,6/20/2026,8:11,Black Agouti,Dasyprocta fuliginosa,1,Connor Munro,FALSE,
MON19,NWJ04,DP20260615TO20260621,DSCF0020,6/20/2026,8:11,Black Agouti,Dasyprocta fuliginosa,1,Connor Munro,FALSE,
MON19,NWJ04,DP20260615TO20260621,DSCF0021,6/20/2026,8:11,Black Agouti,Dasyprocta fuliginosa,1,Connor Munro,FALSE,
MON19,NWJ04,DP20260615TO20260621,DSCF0022,6/20/2026,8:12,Black Agouti,Dasyprocta fuliginosa,1,Connor Munro,FALSE,
MON19,NWJ04,DP20260615TO20260621,DSCF0023,6/20/2026,8:12,Black Agouti,Dasyprocta fuliginosa,1,Connor Munro,FALSE,
MON19,NWJ04,DP20260615TO20260621,DSCF0024,6/20/2026,8:12,Black Agouti,Dasyprocta fuliginosa,1,Connor Munro,FALSE,
MON19,NWJ04,DP20260615TO20260621,DSCF0025,6/20/2026,8:13,Black Agouti,Dasyprocta fuliginosa,1,Connor Munro,FALSE,
MON19,NWJ04,DP20260615TO20260621,DSCF0026,6/20/2026,8:13,Black Agouti,Dasyprocta fuliginosa,1,Connor Munro,FALSE,
MON19,NWJ04,DP20260615TO20260621,DSCF0027,6/20/2026,8:14,Black Agouti,Dasyprocta fuliginosa,1,Connor Munro,FALSE,
MON19,NWJ04,DP20260615TO20260621,DSCF0028,6/20/2026,8:14,Black Agouti,Dasyprocta fuliginosa,1,Connor Munro,FALSE,
MON19,NWJ04,DP20260615TO20260621,DSCF0029,6/20/2026,8:14,Black Agouti,Dasyprocta fuliginosa,1,Connor Munro,FALSE,
MON19,NWJ04,DP20260615TO20260621,DSCF0030,6/20/2026,8:14,Black Agouti,Dasyprocta fuliginosa,1,Connor Munro,FALSE,
MON19,NWJ04,DP20260615TO20260621,DSCF0031,6/20/2026,8:15,Black Agouti,Dasyprocta fuliginosa,1,Connor Munro,FALSE,
MON19,NWJ04,DP20260615TO20260621,DSCF0032,6/20/2026,8:16,Black Agouti,Dasyprocta fuliginosa,1,Connor Munro,FALSE,
MON19,NWJ04,DP20260615TO20260621,DSCF0033,6/20/2026,8:16,Black Agouti,Dasyprocta fuliginosa,1,Connor Munro,FALSE,
MON19,NWJ04,DP20260615TO20260621,DSCF0034,6/20/2026,8:17,Black Agouti,Dasyprocta fuliginosa,1,Connor Munro,FALSE,
MON19,NWJ04,DP20260615TO20260621,DSCF0035,6/20/2026,11:29,Black Agouti,Dasyprocta fuliginosa,1,Connor Munro,FALSE,
MON20,NWJ03,DP20260615TO20260621,DSCF0006,6/16/2026,18:07,Black Agouti,Dasyprocta fuliginosa,1,Connor Munro,FALSE,
MON20,NWJ03,DP20260615TO20260621,DSCF0007,6/16/2026,19:58,Lowland Paca,Cuniculus paca,1,Connor Munro,FALSE,
MON20,NWJ03,DP20260615TO20260621,DSCF0009,6/17/2026,0:35,Mouse,N/A,1,Connor Munro,TRUE,
MON20,NWJ03,DP20260615TO20260621,DSCF0010,6/17/2026,9:01,Black Agouti,Dasyprocta fuliginosa,1,Connor Munro,FALSE,
MON20,NWJ03,DP20260615TO20260621,DSCF0013,6/18/2026,6:07,Black Agouti,Dasyprocta fuliginosa,1,Connor Munro,FALSE,
MON20,NWJ03,DP20260615TO20260621,DSCF0014,6/18/2026,6:08,Black Agouti,Dasyprocta fuliginosa,1,Connor Munro,FALSE,
MON20,NWJ03,DP20260615TO20260621,DSCF0015,6/18/2026,8:19,Black Agouti,Dasyprocta fuliginosa,1,Connor Munro,FALSE,
MON20,NWJ03,DP20260615TO20260621,DSCF0017,6/18/2026,9:05,Black Agouti,Dasyprocta fuliginosa,1,Connor Munro,FALSE,
MON20,NWJ03,DP20260615TO20260621,DSCF0018,6/19/2026,4:31,Mouse,N/A,1,Connor Munro,TRUE,
MON20,NWJ03,DP20260615TO20260621,DSCF0019,6/19/2026,6:00,Black Agouti,Dasyprocta fuliginosa,1,Connor Munro,FALSE,
MON20,NWJ03,DP20260615TO20260621,DSCF0023,6/21/2026,2:10,Lowland Paca,Cuniculus paca,1,Connor Munro,FALSE,
MON20,NWJ03,DP20260615TO20260621,DSCF0024,6/21/2026,3:48,Mouse,N/A,1,Connor Munro,FALSE,
MON20,NWJ03,DP20260615TO20260621,DSCF0026,6/21/2026,9:39,Black Agouti,Dasyprocta fuliginosa,1,Connor Munro,FALSE,
MON20,NWJ03,DP20260615TO20260621,DSCF0027,6/21/2026,9:39,Black Agouti,Dasyprocta fuliginosa,1,Connor Munro,FALSE,
